rank,difficultyScore,queue,tier,problemId,roomIdHex,roomName,area,objective,screens,enemyCount,staticPlanStatus,pathBlocks,onCompletionPath,onKpdrTracker,practiceStatus,teleportReady,runReady,entrySourceRoomIdHex,exitTargetRoomIdHex,difficultyReasons,stateFile,policyFile
1,0,0,easy,room_9c35_from_9b9d_to_9b9d,0x9C35,Brinstar Map Room,Brinstar,visit_station_and_return,1,0,planned_static,7,0,0,ready,1,1,0x9B9D,0x9B9D,small low-enemy room,custom_integrations/SuperMetroid-Snes/room_9c35_from_9b9d.state,policies/room_clears/room_9c35_from_9b9d_to_9b9d.json
2,0,0,easy,room_9c89_from_9c5e_to_9c5e,0x9C89,Green Brinstar Missile Station,Brinstar,enter_objective_and_return,1,0,planned_static,7,0,0,ready,1,1,0x9C5E,0x9C5E,small low-enemy room,custom_integrations/SuperMetroid-Snes/room_9c89_from_9c5e.state,policies/room_clears/room_9c89_from_9c5e_to_9c5e.json
3,0,0,tough,room_9879_from_9804_to_92fd,0x9879,Flyway,Crateria,traverse_to_exit,3,12,planned_static,44,1,0,ready,1,1,0x9804,0x92FD,dense enemies,custom_integrations/SuperMetroid-Snes/room_9879_from_9804.state,policies/room_clears/room_9879_from_9804_to_92fd.json
4,0,1,easy,room_9fe5_from_9ad9_to_a011,0x9FE5,Green Brinstar Beetom Room,Brinstar,traverse_to_exit,1,4,planned_static,12,0,0,ready,1,1,0x9AD9,0xA011,small low-enemy room,custom_integrations/SuperMetroid-Snes/room_9fe5_from_9ad9.state,policies/room_clears/room_9fe5_from_9ad9_to_a011.json
5,0,1,easy,room_a051_from_a011_to_a011,0xA051,Etacoon Super Room,Brinstar,collect_and_return,1,0,planned_static,9,0,0,ready,1,1,0xA011,0xA011,small low-enemy room,custom_integrations/SuperMetroid-Snes/room_a051_from_a011.state,policies/room_clears/room_a051_from_a011_to_a011.json
6,0,1,easy,room_a07b_from_9cb3_to_9cb3,0xA07B,Dachora Energy Charge Station,Brinstar,enter_objective_and_return,1,0,planned_static,7,0,0,ready,1,1,0x9CB3,0x9CB3,small low-enemy room,custom_integrations/SuperMetroid-Snes/room_a07b_from_9cb3.state,policies/room_clears/room_a07b_from_9cb3_to_9cb3.json
7,0,1,easy,room_a0a4_from_9d19_to_9b5b,0xA0A4,Spore Spawn Farming Room,Brinstar,traverse_to_exit,3,5,planned_static,44,1,1,ready,1,1,0x9D19,0x9B5B,small low-enemy room,custom_integrations/SuperMetroid-Snes/room_a0a4_from_9d19.state,policies/room_clears/room_a0a4_from_9d19_to_9b5b.json
8,0,1,easy,room_a107_from_9f11_to_9f11,0xA107,First Missile Room,Brinstar,collect_and_return,1,0,planned_static,10,1,1,ready,1,1,0x9F11,0x9F11,small low-enemy room,custom_integrations/SuperMetroid-Snes/room_a107_from_9f11.state,policies/room_clears/room_a107_from_9f11_to_9f11.json
9,0,1,easy,room_a15b_from_a130_to_a130,0xA15B,Hopper Energy Tank Room,Brinstar,collect_and_return,1,0,planned_static,12,0,0,ready,1,1,0xA130,0xA130,small low-enemy room,custom_integrations/SuperMetroid-Snes/room_a15b_from_a130.state,policies/room_clears/room_a15b_from_a130_to_a130.json
10,0,1,easy,room_a184_from_9d19_to_9d19,0xA184,Big Pink Save Room,Brinstar,visit_station_and_return,1,0,planned_static,7,0,0,ready,1,1,0x9D19,0x9D19,small low-enemy room,custom_integrations/SuperMetroid-Snes/room_a184_from_9d19.state,policies/room_clears/room_a184_from_9d19_to_9d19.json
11,0,1,easy,room_a1d8_from_a1ad_to_a1ad,0xA1D8,Billy Mays' Room,Brinstar,collect_and_return,1,0,planned_static,15,0,0,ready,1,1,0xA1AD,0xA1AD,small low-enemy room,custom_integrations/SuperMetroid-Snes/room_a1d8_from_a1ad.state,policies/room_clears/room_a1d8_from_a1ad_to_a1ad.json
12,0,1,easy,room_a201_from_9ad9_to_9ad9,0xA201,Etecoon Save Room,Brinstar,visit_station_and_return,1,0,planned_static,7,0,0,ready,1,1,0x9AD9,0x9AD9,small low-enemy room,custom_integrations/SuperMetroid-Snes/room_a201_from_9ad9.state,policies/room_clears/room_a201_from_9ad9_to_9ad9.json
13,0,1,easy,room_a22a_from_a011_to_a011,0xA22A,Etecoon Save Room 2,Brinstar,visit_station_and_return,1,0,planned_static,7,0,0,ready,1,1,0xA011,0xA011,small low-enemy room,custom_integrations/SuperMetroid-Snes/room_a22a_from_a011.state,policies/room_clears/room_a22a_from_a011_to_a011.json
14,0,1,easy,room_a3dd_from_a408_to_a253,0xA3DD,Bat Room,Brinstar,traverse_to_exit,2,2,planned_static,28,1,1,ready,1,1,0xA408,0xA253,small low-enemy room,custom_integrations/SuperMetroid-Snes/room_a3dd_from_a408.state,policies/room_clears/room_a3dd_from_a408_to_a253.json
15,0,1,easy,room_a618_from_a253_to_a253,0xA618,Sloaters Refill,Brinstar,visit_station_and_return,1,0,planned_static,7,0,0,ready,1,1,0xA253,0xA253,small low-enemy room,custom_integrations/SuperMetroid-Snes/room_a618_from_a253.state,policies/room_clears/room_a618_from_a253_to_a253.json
16,0,1,easy,room_a641_from_a56b_to_a56b,0xA641,Kraid Recharge Stations,Brinstar,visit_station_and_return,1,0,planned_static,8,0,0,ready,1,1,0xA56B,0xA56B,small low-enemy room,custom_integrations/SuperMetroid-Snes/room_a641_from_a56b.state,policies/room_clears/room_a641_from_a56b_to_a56b.json
17,0,1,easy,room_a6e2_from_a59f_to_a59f,0xA6E2,Varia Suit Room,Brinstar,collect_and_return,1,0,planned_static,8,1,1,ready,1,1,0xA59F,0xA59F,small low-enemy room,custom_integrations/SuperMetroid-Snes/room_a6e2_from_a59f.state,policies/room_clears/room_a6e2_from_a59f_to_a59f.json
18,0,1,easy,room_a70b_from_a4da_to_a4da,0xA70B,Warehouse Save Room,Brinstar,visit_station_and_return,1,0,planned_static,8,0,0,ready,1,1,0xA4DA,0xA4DA,small low-enemy room,custom_integrations/SuperMetroid-Snes/room_a70b_from_a4da.state,policies/room_clears/room_a70b_from_a4da_to_a4da.json
19,0,1,easy,room_a734_from_a322_to_a322,0xA734,Red Brinstar Save Room,Brinstar,visit_station_and_return,1,0,planned_static,8,0,0,ready,1,1,0xA322,0xA322,small low-enemy room,custom_integrations/SuperMetroid-Snes/room_a734_from_a322.state,policies/room_clears/room_a734_from_a322_to_a322.json
20,0,1,easy,room_93aa_from_91f8_to_91f8,0x93AA,Crateria Power Bomb Room,Crateria,collect_and_return,2,3,planned_static,28,0,0,ready,1,1,0x91F8,0x91F8,small low-enemy room,custom_integrations/SuperMetroid-Snes/room_93aa_from_91f8.state,policies/room_clears/room_93aa_from_91f8_to_91f8.json
21,0,1,easy,room_93d5_from_92fd_to_92fd,0x93D5,Crateria Save Room,Crateria,visit_station_and_return,1,0,planned_static,7,0,0,ready,1,1,0x92FD,0x92FD,small low-enemy room,custom_integrations/SuperMetroid-Snes/room_93d5_from_92fd.state,policies/room_clears/room_93d5_from_92fd_to_92fd.json
22,0,1,easy,room_95d4_from_948c_to_91f8,0x95D4,Crateria Tube,Crateria,traverse_to_exit,1,0,planned_static,14,1,0,ready,1,1,0x948C,0x91F8,small low-enemy room,custom_integrations/SuperMetroid-Snes/room_95d4_from_948c.state,policies/room_clears/room_95d4_from_948c_to_91f8.json
23,0,1,easy,room_968f_from_c98e_to_9461,0x968F,Crateria Partial Room,Crateria,traverse_to_exit,1,1,planned_static,12,0,0,ready,1,1,0xC98E,0x9461,small low-enemy room,custom_integrations/SuperMetroid-Snes/room_968f_from_c98e.state,policies/room_clears/room_968f_from_c98e_to_9461.json
24,0,1,easy,room_98e2_from_9994_to_92fd,0x98E2,Pre-Map Flyway,Crateria,traverse_to_exit,3,4,planned_static,44,0,0,ready,1,1,0x9994,0x92FD,small low-enemy room,custom_integrations/SuperMetroid-Snes/room_98e2_from_9994.state,policies/room_clears/room_98e2_from_9994_to_92fd.json
25,0,1,easy,room_9994_from_98e2_to_98e2,0x9994,Crateria Map Room,Crateria,visit_station_and_return,1,0,planned_static,8,0,0,ready,1,1,0x98E2,0x98E2,small low-enemy room,custom_integrations/SuperMetroid-Snes/room_9994_from_98e2.state,policies/room_clears/room_9994_from_98e2_to_98e2.json
26,0,1,easy,room_9a90_from_9a44_to_9a44,0x9A90,The Final Missile,Crateria,enter_objective_and_return,1,2,planned_static,7,0,0,ready,1,1,0x9A44,0x9A44,small low-enemy room,custom_integrations/SuperMetroid-Snes/room_9a90_from_9a44.state,policies/room_clears/room_9a90_from_9a44_to_9a44.json
27,0,1,easy,room_ced2_from_cefb_to_cefb,0xCED2,Glass Tunnel Save Room,Maridia,visit_station_and_return,1,0,planned_static,8,0,0,ready,1,1,0xCEFB,0xCEFB,small low-enemy room,custom_integrations/SuperMetroid-Snes/room_ced2_from_cefb.state,policies/room_clears/room_ced2_from_cefb_to_cefb.json
28,0,1,easy,room_cf54_from_cefb_to_a408,0xCF54,West Tunnel,Maridia,traverse_to_exit,1,0,planned_static,12,1,1,ready,1,1,0xCEFB,0xA408,small low-enemy room,custom_integrations/SuperMetroid-Snes/room_cf54_from_cefb.state,policies/room_clears/room_cf54_from_cefb_to_a408.json
29,0,1,easy,room_d252_from_d461_to_d21c,0xD252,West Sand Hall Tunnel,Maridia,traverse_to_exit,1,1,planned_static,12,0,0,ready,1,1,0xD461,0xD21C,small low-enemy room,custom_integrations/SuperMetroid-Snes/room_d252_from_d461.state,policies/room_clears/room_d252_from_d461_to_d21c.json
30,0,1,easy,room_d3b6_from_d21c_to_d21c,0xD3B6,Maridia Map Room,Maridia,visit_station_and_return,1,0,planned_static,8,0,0,ready,1,1,0xD21C,0xD21C,small low-enemy room,custom_integrations/SuperMetroid-Snes/room_d3b6_from_d21c.state,policies/room_clears/room_d3b6_from_d21c_to_d21c.json
31,0,1,easy,room_d3df_from_d30b_to_d30b,0xD3DF,Forgotten Highway Save Room,Maridia,visit_station_and_return,1,0,planned_static,8,0,0,ready,1,1,0xD30B,0xD30B,small low-enemy room,custom_integrations/SuperMetroid-Snes/room_d3df_from_d30b.state,policies/room_clears/room_d3df_from_d30b_to_d30b.json
32,0,1,easy,room_d433_from_d2d9_to_d86e,0xD433,Bug Sand Hole,Maridia,traverse_to_exit,1,3,planned_static,12,0,0,ready,1,1,0xD2D9,0xD86E,small low-enemy room,custom_integrations/SuperMetroid-Snes/room_d433_from_d2d9.state,policies/room_clears/room_d433_from_d2d9_to_d86e.json
33,0,1,easy,room_d765_from_d5a7_to_d5a7,0xD765,Aqueduct Save Room,Maridia,visit_station_and_return,1,0,planned_static,7,0,0,ready,1,1,0xD5A7,0xD5A7,small low-enemy room,custom_integrations/SuperMetroid-Snes/room_d765_from_d5a7.state,policies/room_clears/room_d765_from_d5a7_to_d5a7.json
34,0,1,easy,room_d81a_from_d9d4_to_d72a,0xD81A,Draygon Save Room,Maridia,visit_station_and_return,1,0,planned_static,12,0,0,ready,1,1,0xD9D4,0xD72A,small low-enemy room,custom_integrations/SuperMetroid-Snes/room_d81a_from_d9d4.state,policies/room_clears/room_d81a_from_d9d4_to_d72a.json
35,0,1,easy,room_d845_from_d913_to_d913,0xD845,Maridia Missile Refill Room,Maridia,visit_station_and_return,1,0,planned_static,8,0,0,ready,1,1,0xD913,0xD913,small low-enemy room,custom_integrations/SuperMetroid-Snes/room_d845_from_d913.state,policies/room_clears/room_d845_from_d913_to_d913.json
36,0,1,easy,room_d9aa_from_da60_to_da60,0xD9AA,Space Jump Room,Maridia,collect_and_return,1,0,planned_static,11,0,1,ready,1,1,0xDA60,0xDA60,small low-enemy room,custom_integrations/SuperMetroid-Snes/room_d9aa_from_da60.state,policies/room_clears/room_d9aa_from_da60_to_da60.json
37,0,1,easy,room_d9d4_from_d81a_to_d81a,0xD9D4,Maridia Health Refill Room,Maridia,visit_station_and_return,1,0,planned_static,8,0,0,ready,1,1,0xD81A,0xD81A,small low-enemy room,custom_integrations/SuperMetroid-Snes/room_d9d4_from_d81a.state,policies/room_clears/room_d9d4_from_d81a_to_d81a.json
38,0,1,easy,room_d9fe_from_da2b_to_d5ec,0xD9FE,West Cacattack Alley,Maridia,traverse_to_exit,2,4,planned_static,28,0,0,ready,1,1,0xDA2B,0xD5EC,small low-enemy room,custom_integrations/SuperMetroid-Snes/room_d9fe_from_da2b.state,policies/room_clears/room_d9fe_from_da2b_to_d5ec.json
39,0,1,easy,room_a75d_from_a815_to_a8b9,0xA75D,Ice Beam Acid Room,Norfair,traverse_to_exit,2,3,planned_static,28,1,0,ready,1,1,0xA815,0xA8B9,small low-enemy room,custom_integrations/SuperMetroid-Snes/room_a75d_from_a815.state,policies/room_clears/room_a75d_from_a815_to_a8b9.json
40,0,1,easy,room_a9e5_from_aa41_to_aa41,0xA9E5,Hi-Jump Room,Norfair,collect_and_return,1,0,unresolved,,0,1,ready,1,1,0xAA41,0xAA41,small low-enemy room,custom_integrations/SuperMetroid-Snes/room_a9e5_from_aa41.state,policies/room_clears/room_a9e5_from_aa41_to_aa41.json
41,0,1,easy,room_aab5_from_aa82_to_aa82,0xAAB5,Post Crocomire Save Room,Norfair,visit_station_and_return,1,0,planned_static,8,0,0,ready,1,1,0xAA82,0xAA82,small low-enemy room,custom_integrations/SuperMetroid-Snes/room_aab5_from_aa82.state,policies/room_clears/room_aab5_from_aa82_to_aa82.json
42,0,1,easy,room_aade_from_aa82_to_aa82,0xAADE,Post Crocomire Power Bomb Room,Norfair,collect_and_return,1,0,planned_static,8,0,0,ready,1,1,0xAA82,0xAA82,small low-enemy room,custom_integrations/SuperMetroid-Snes/room_aade_from_aa82.state,policies/room_clears/room_aade_from_aa82_to_aa82.json
43,0,1,easy,room_ac00_from_abd2_to_ac2b,0xAC00,Grapple Tutorial Room 1,Norfair,traverse_to_exit,2,0,planned_static,28,0,0,ready,1,1,0xABD2,0xAC2B,small low-enemy room,custom_integrations/SuperMetroid-Snes/room_ac00_from_abd2.state,policies/room_clears/room_ac00_from_abd2_to_ac2b.json
44,0,1,easy,room_ad1b_from_acf0_to_acf0,0xAD1B,Speed Booster Room,Norfair,collect_and_return,1,0,planned_static,11,1,1,ready,1,1,0xACF0,0xACF0,small low-enemy room,custom_integrations/SuperMetroid-Snes/room_ad1b_from_acf0.state,policies/room_clears/room_ad1b_from_acf0_to_acf0.json
45,0,1,easy,room_adde_from_adad_to_adad,0xADDE,Wave Beam Room,Norfair,collect_and_return,1,0,planned_static,11,0,1,ready,1,1,0xADAD,0xADAD,small low-enemy room,custom_integrations/SuperMetroid-Snes/room_adde_from_adad.state,policies/room_clears/room_adde_from_adad_to_adad.json
46,0,1,easy,room_b026_from_affb_to_afce,0xB026,Nutella Refill,Norfair,visit_station_and_return,1,0,planned_static,12,0,0,ready,1,1,0xAFFB,0xAFCE,small low-enemy room,custom_integrations/SuperMetroid-Snes/room_b026_from_affb.state,policies/room_clears/room_b026_from_affb_to_afce.json
47,0,1,easy,room_b051_from_aedf_to_aedf,0xB051,Purple Farming Room,Norfair,enter_objective_and_return,1,5,planned_static,8,0,0,ready,1,1,0xAEDF,0xAEDF,small low-enemy room,custom_integrations/SuperMetroid-Snes/room_b051_from_aedf.state,policies/room_clears/room_b051_from_aedf_to_aedf.json
48,0,1,easy,room_b0b4_from_a7de_to_a7de,0xB0B4,Norfair Map Room,Norfair,visit_station_and_return,1,0,planned_static,7,0,0,ready,1,1,0xA7DE,0xA7DE,small low-enemy room,custom_integrations/SuperMetroid-Snes/room_b0b4_from_a7de.state,policies/room_clears/room_b0b4_from_a7de_to_a7de.json
49,0,1,easy,room_b0dd_from_acb3_to_acb3,0xB0DD,Bubble Mountain Save Room,Norfair,visit_station_and_return,1,0,planned_static,7,0,0,ready,1,1,0xACB3,0xACB3,small low-enemy room,custom_integrations/SuperMetroid-Snes/room_b0dd_from_acb3.state,policies/room_clears/room_b0dd_from_acb3_to_acb3.json
50,0,1,easy,room_b167_from_b106_to_a7de,0xB167,Frog Savestation,Norfair,traverse_to_exit,1,0,planned_static,12,1,1,ready,1,1,0xB106,0xA7DE,small low-enemy room,custom_integrations/SuperMetroid-Snes/room_b167_from_b106.state,policies/room_clears/room_b167_from_b106_to_a7de.json
51,0,1,easy,room_b192_from_a923_to_a923,0xB192,Crocomire Save Room,Norfair,visit_station_and_return,1,0,planned_static,8,0,0,ready,1,1,0xA923,0xA923,small low-enemy room,custom_integrations/SuperMetroid-Snes/room_b192_from_a923.state,policies/room_clears/room_b192_from_a923_to_a923.json
52,0,1,easy,room_b1bb_from_af3f_to_af3f,0xB1BB,Lower Norfair Elevator Save Room,Norfair,visit_station_and_return,1,0,planned_static,7,0,0,ready,1,1,0xAF3F,0xAF3F,small low-enemy room,custom_integrations/SuperMetroid-Snes/room_b1bb_from_af3f.state,policies/room_clears/room_b1bb_from_af3f_to_af3f.json
53,0,1,easy,room_b305_from_b6c1_to_b6c1,0xB305,Golden Torizo Energy Recharge,Norfair,visit_station_and_return,1,0,planned_static,8,0,0,ready,1,1,0xB6C1,0xB6C1,small low-enemy room,custom_integrations/SuperMetroid-Snes/room_b305_from_b6c1.state,policies/room_clears/room_b305_from_b6c1_to_b6c1.json
54,0,1,easy,room_b698_from_b32e_to_b32e,0xB698,Ridley Tank Room,Norfair,collect_and_return,1,0,planned_static,5,0,0,ready,1,1,0xB32E,0xB32E,small low-enemy room,custom_integrations/SuperMetroid-Snes/room_b698_from_b32e.state,policies/room_clears/room_b698_from_b32e_to_b32e.json
55,0,1,easy,room_b741_from_b585_to_b585,0xB741,Red Kihunter Shaft Save Room,Norfair,visit_station_and_return,1,0,planned_static,8,0,0,ready,1,1,0xB585,0xB585,small low-enemy room,custom_integrations/SuperMetroid-Snes/room_b741_from_b585.state,policies/room_clears/room_b741_from_b585_to_b585.json
56,0,1,easy,room_cccb_from_cc6f_to_cc6f,0xCCCB,Wrecked Ship Map Room,Wrecked Ship,visit_station_and_return,1,0,planned_static,7,0,0,ready,1,1,0xCC6F,0xCC6F,small low-enemy room,custom_integrations/SuperMetroid-Snes/room_cccb_from_cc6f.state,policies/room_clears/room_cccb_from_cc6f_to_cc6f.json
57,0,1,easy,room_cd5c_from_cb8b_to_caf6,0xCD5C,Sponge Bath,Wrecked Ship,traverse_to_exit,2,1,planned_static,28,0,0,ready,1,1,0xCB8B,0xCAF6,small low-enemy room,custom_integrations/SuperMetroid-Snes/room_cd5c_from_cb8b.state,policies/room_clears/room_cd5c_from_cb8b_to_caf6.json
58,0,1,easy,room_ce8a_from_caf6_to_caf6,0xCE8A,Wrecked Ship Save Room,Wrecked Ship,visit_station_and_return,1,0,planned_static,8,0,0,ready,1,1,0xCAF6,0xCAF6,small low-enemy room,custom_integrations/SuperMetroid-Snes/room_ce8a_from_caf6.state,policies/room_clears/room_ce8a_from_caf6_to_caf6.json
59,0,2,standard,room_9c5e_from_9ad9_to_9c89,0x9C5E,Green Brinstar Fireflea Room,Brinstar,traverse_to_exit,6,5,planned_static,44,0,0,ready,1,1,0x9AD9,0x9C89,ordinary traversal,custom_integrations/SuperMetroid-Snes/room_9c5e_from_9ad9.state,policies/room_clears/room_9c5e_from_9ad9_to_9c89.json
60,0,2,standard,room_9fba_from_a253_to_9e52,0x9FBA,Noob Bridge,Brinstar,traverse_to_exit,6,8,planned_static,82,1,1,ready,1,1,0xA253,0x9E52,ordinary traversal,custom_integrations/SuperMetroid-Snes/room_9fba_from_a253.state,policies/room_clears/room_9fba_from_a253_to_9e52.json
61,0,2,standard,room_a2f7_from_a322_to_a253,0xA2F7,Hellway,Brinstar,traverse_to_exit,3,8,planned_static,44,0,0,ready,1,1,0xA322,0xA253,ordinary traversal,custom_integrations/SuperMetroid-Snes/room_a2f7_from_a322.state,policies/room_clears/room_a2f7_from_a322_to_a253.json
62,0,2,standard,room_9461_from_968f_to_93fe,0x9461,Bowling Alley Path,Crateria,traverse_to_exit,2,6,planned_static,28,0,0,ready,1,1,0x968F,0x93FE,ordinary traversal,custom_integrations/SuperMetroid-Snes/room_9461_from_968f.state,policies/room_clears/room_9461_from_968f_to_93fe.json
63,0,2,standard,room_a5ed_from_a66a_to_99bd,0xA5ED,Statues Hallway,Crateria,traverse_to_exit,5,0,planned_static,76,1,0,ready,1,1,0xA66A,0x99BD,ordinary traversal,custom_integrations/SuperMetroid-Snes/room_a5ed_from_a66a.state,policies/room_clears/room_a5ed_from_a66a_to_99bd.json
64,0,2,standard,room_d27e_from_d2aa_to_d387,0xD27E,Plasma Tutorial Room,Maridia,traverse_to_exit,1,6,planned_static,12,0,0,ready,1,1,0xD2AA,0xD387,ordinary traversal,custom_integrations/SuperMetroid-Snes/room_d27e_from_d2aa.state,policies/room_clears/room_d27e_from_d2aa_to_d387.json
65,0,2,standard,room_d898_from_d7e4_to_d6fd,0xD898,Botwoon Quicksand Room,Maridia,traverse_to_exit,2,9,planned_static,6,0,0,ready,1,1,0xD7E4,0xD6FD,ordinary traversal,custom_integrations/SuperMetroid-Snes/room_d898_from_d7e4.state,policies/room_clears/room_d898_from_d7e4_to_d6fd.json
66,0,2,standard,room_ab3b_from_ab07_to_ab07,0xAB3B,Cosine Room,Norfair,collect_and_return,4,7,planned_static,61,0,0,ready,1,1,0xAB07,0xAB07,ordinary traversal,custom_integrations/SuperMetroid-Snes/room_ab3b_from_ab07.state,policies/room_clears/room_ab3b_from_ab07_to_ab07.json
67,0,2,standard,room_afce_from_b026_to_a923,0xAFCE,Acid Snakes Tunnel,Norfair,traverse_to_exit,4,9,planned_static,60,0,0,ready,1,1,0xB026,0xA923,ordinary traversal,custom_integrations/SuperMetroid-Snes/room_afce_from_b026.state,policies/room_clears/room_afce_from_b026_to_a923.json
68,0,2,standard,room_affb_from_ae74_to_b026,0xAFFB,Spiky Acid Snakes Room,Norfair,traverse_to_exit,4,3,planned_static,46,0,0,ready,1,1,0xAE74,0xB026,ordinary traversal,custom_integrations/SuperMetroid-Snes/room_affb_from_ae74.state,policies/room_clears/room_affb_from_ae74_to_b026.json
69,0,2,standard,room_b139_from_af72_to_afce,0xB139,Red Pirate Shaft,Norfair,traverse_to_exit,3,7,planned_static,31,0,0,ready,1,1,0xAF72,0xAFCE,ordinary traversal,custom_integrations/SuperMetroid-Snes/room_b139_from_af72.state,policies/room_clears/room_b139_from_af72_to_afce.json
70,0,2,standard,room_ca08_from_caf6_to_93fe,0xCA08,Wrecked Ship Entrance,Wrecked Ship,traverse_to_exit,4,0,planned_static,46,1,1,ready,1,1,0xCAF6,0x93FE,ordinary traversal,custom_integrations/SuperMetroid-Snes/room_ca08_from_caf6.state,policies/room_clears/room_ca08_from_caf6_to_93fe.json
71,0,2,standard,room_caae_from_ca52_to_ca52,0xCAAE,Wrecked Ship East Missile Room,Wrecked Ship,collect_and_return,3,11,planned_static,45,0,0,ready,1,1,0xCA52,0xCA52,ordinary traversal,custom_integrations/SuperMetroid-Snes/room_caae_from_ca52.state,policies/room_clears/room_caae_from_ca52_to_ca52.json
72,0,3,tough,room_acb3_from_b07a_to_aedf,0xACB3,Bubble Mountain,Norfair,collect_items_and_exit,8,8,unresolved,,1,1,ready,1,1,0xB07A,0xAEDF,large/vertical geometry;static collision path unresolved,custom_integrations/SuperMetroid-Snes/room_acb3_from_b07a.state,policies/room_clears/room_acb3_from_b07a_to_aedf.json
73,0,3,tough,room_acf0_from_ad1b_to_b07a,0xACF0,Speed Booster Hall,Norfair,collect_items_and_exit,24,8,unresolved,,1,1,ready,1,1,0xAD1B,0xB07A,large/vertical geometry;static collision path unresolved,custom_integrations/SuperMetroid-Snes/room_acf0_from_ad1b.state,policies/room_clears/room_acf0_from_ad1b_to_b07a.json
74,0,3,tough,room_ad5e_from_b656_to_ae07,0xAD5E,Single Chamber,Norfair,traverse_to_exit,24,7,planned_static,110,1,1,ready,1,1,0xB656,0xAE07,large/vertical geometry,custom_integrations/SuperMetroid-Snes/room_ad5e_from_b656.state,policies/room_clears/room_ad5e_from_b656_to_ae07.json
75,0,3,tough,room_b106_from_af72_to_b167,0xB106,Frog Speedway,Norfair,traverse_to_exit,8,6,unresolved,,1,1,ready,1,1,0xAF72,0xB167,static collision path unresolved,custom_integrations/SuperMetroid-Snes/room_b106_from_af72.state,policies/room_clears/room_b106_from_af72_to_b167.json
76,50,1,easy,room_9c07_from_9bc8_to_9bc8,0x9C07,Brinstar Reserve Tank Room,Brinstar,collect_and_return,2,0,planned_static,32,0,0,state_ready,1,0,0x9BC8,0x9BC8,small low-enemy room,custom_integrations/SuperMetroid-Snes/room_9c07_from_9bc8.state,policies/room_clears/room_9c07_from_9bc8_to_9bc8.json
77,50,1,easy,room_a1ad_from_9f64_to_a1d8,0xA1AD,Blue Brinstar Boulder Room,Brinstar,traverse_to_exit,2,3,planned_static,32,0,0,state_ready,1,0,0x9F64,0xA1D8,small low-enemy room,custom_integrations/SuperMetroid-Snes/room_a1ad_from_9f64.state,policies/room_clears/room_a1ad_from_9f64_to_a1d8.json
78,50,1,easy,room_a2ce_from_a293_to_a293,0xA2CE,X-Ray Room,Brinstar,collect_and_return,2,2,unresolved,,0,0,state_ready,1,0,0xA293,0xA293,small low-enemy room,custom_integrations/SuperMetroid-Snes/room_a2ce_from_a293.state,policies/room_clears/room_a2ce_from_a293_to_a293.json
79,50,1,easy,room_a3ae_from_a322_to_a322,0xA3AE,Alpha Power Bomb Room,Brinstar,collect_and_return,3,4,unresolved,,0,1,state_ready,1,0,0xA322,0xA322,small low-enemy room,custom_integrations/SuperMetroid-Snes/room_a3ae_from_a322.state,policies/room_clears/room_a3ae_from_a322_to_a322.json
80,50,1,easy,room_a447_from_a408_to_a408,0xA447,Spazer Room,Brinstar,collect_and_return,1,0,planned_static,12,0,1,state_ready,1,0,0xA408,0xA408,small low-enemy room,custom_integrations/SuperMetroid-Snes/room_a447_from_a408.state,policies/room_clears/room_a447_from_a408_to_a408.json
81,50,1,easy,room_d21c_from_d3b6_to_d08a,0xD21C,Crab Hole,Maridia,traverse_to_exit,2,4,planned_static,29,0,0,state_ready,1,0,0xD3B6,0xD08A,small low-enemy room,custom_integrations/SuperMetroid-Snes/room_d21c_from_d3b6.state,policies/room_clears/room_d21c_from_d3b6_to_d08a.json
82,50,1,easy,room_a865_from_a815_to_a8b9,0xA865,Ice Beam Tutorial Room,Norfair,traverse_to_exit,2,4,planned_static,28,1,1,state_ready,1,0,0xA815,0xA8B9,small low-enemy room,custom_integrations/SuperMetroid-Snes/room_a865_from_a815.state,policies/room_clears/room_a865_from_a815_to_a8b9.json
83,50,1,easy,room_a890_from_a8b9_to_a8b9,0xA890,Ice Beam Room,Norfair,collect_and_return,1,0,planned_static,11,1,1,state_ready,1,0,0xA8B9,0xA8B9,small low-enemy room,custom_integrations/SuperMetroid-Snes/room_a890_from_a8b9.state,policies/room_clears/room_a890_from_a8b9_to_a8b9.json
84,50,1,easy,room_abd2_from_ab64_to_ac00,0xABD2,Grapple Tutorial Room 2,Norfair,traverse_to_exit,3,3,planned_static,29,0,0,state_ready,1,0,0xAB64,0xAC00,small low-enemy room,custom_integrations/SuperMetroid-Snes/room_abd2_from_ab64.state,policies/room_clears/room_abd2_from_ab64_to_ac00.json
85,50,1,easy,room_b62b_from_b482_to_b5d5,0xB62B,Metal Pirates Room,Norfair,traverse_to_exit,3,2,planned_static,30,1,0,state_ready,1,0,0xB482,0xB5D5,small low-enemy room,custom_integrations/SuperMetroid-Snes/room_b62b_from_b482.state,policies/room_clears/room_b62b_from_b482_to_b5d5.json
86,50,1,easy,room_cda8_from_caf6_to_caf6,0xCDA8,Wrecked Ship West Super Room,Wrecked Ship,collect_and_return,1,5,planned_static,12,0,0,state_ready,1,0,0xCAF6,0xCAF6,small low-enemy room,custom_integrations/SuperMetroid-Snes/room_cda8_from_caf6.state,policies/room_clears/room_cda8_from_caf6_to_caf6.json
87,50,1,easy,room_ce40_from_c98e_to_93fe,0xCE40,Gravity Suit Room,Wrecked Ship,collect_items_and_exit,1,0,planned_static,12,1,1,state_ready,1,0,0xC98E,0x93FE,small low-enemy room,custom_integrations/SuperMetroid-Snes/room_ce40_from_c98e.state,policies/room_clears/room_ce40_from_c98e_to_93fe.json
88,50,2,standard,room_a0d2_from_9d19_to_9d19,0xA0D2,Waterway,Brinstar,collect_and_return,7,7,unresolved,,0,0,state_ready,1,0,0x9D19,0x9D19,ordinary traversal,custom_integrations/SuperMetroid-Snes/room_a0d2_from_9d19.state,policies/room_clears/room_a0d2_from_9d19_to_9d19.json
89,50,2,standard,room_95ff_from_93fe_to_948c,0x95FF,The Moat,Crateria,collect_items_and_exit,4,0,planned_static,28,1,1,state_ready,1,0,0x93FE,0x948C,ordinary traversal,custom_integrations/SuperMetroid-Snes/room_95ff_from_93fe.state,policies/room_clears/room_95ff_from_93fe_to_948c.json
90,50,2,standard,room_9969_from_99bd_to_9938,0x9969,Lower Mushrooms,Crateria,traverse_to_exit,4,4,planned_static,64,0,0,state_ready,1,0,0x99BD,0x9938,ordinary traversal,custom_integrations/SuperMetroid-Snes/room_9969_from_99bd.state,policies/room_clears/room_9969_from_99bd_to_9938.json
91,50,2,standard,room_cf80_from_d21c_to_cefb,0xCF80,East Tunnel,Maridia,traverse_to_exit,8,10,planned_static,46,1,1,state_ready,1,0,0xD21C,0xCEFB,ordinary traversal,custom_integrations/SuperMetroid-Snes/room_cf80_from_d21c.state,policies/room_clears/room_cf80_from_d21c_to_cefb.json
92,50,2,standard,room_d08a_from_d21c_to_cfc9,0xD08A,Crab Tunnel,Maridia,traverse_to_exit,4,6,planned_static,32,0,0,state_ready,1,0,0xD21C,0xCFC9,ordinary traversal,custom_integrations/SuperMetroid-Snes/room_d08a_from_d21c.state,policies/room_clears/room_d08a_from_d21c_to_cfc9.json
93,50,2,standard,room_d13b_from_d16d_to_d16d,0xD13B,Watering Hole,Maridia,collect_and_return,6,3,planned_static,43,0,0,state_ready,1,0,0xD16D,0xD16D,ordinary traversal,custom_integrations/SuperMetroid-Snes/room_d13b_from_d16d.state,policies/room_clears/room_d13b_from_d16d_to_d16d.json
94,50,2,standard,room_d6d0_from_d8c5_to_d8c5,0xD6D0,Spring Ball Room,Maridia,collect_and_return,4,0,planned_static,56,0,0,state_ready,1,0,0xD8C5,0xD8C5,ordinary traversal,custom_integrations/SuperMetroid-Snes/room_d6d0_from_d8c5.state,policies/room_clears/room_d6d0_from_d8c5_to_d8c5.json
95,50,2,standard,room_d78f_from_da60_to_d72a,0xD78F,The Precious Room,Maridia,collect_items_and_exit,6,0,planned_static,39,1,0,state_ready,1,0,0xDA60,0xD72A,ordinary traversal,custom_integrations/SuperMetroid-Snes/room_d78f_from_da60.state,policies/room_clears/room_d78f_from_da60_to_d72a.json
96,50,2,standard,room_d7e4_from_d913_to_d95e,0xD7E4,Botwoon Energy Tank Room,Maridia,collect_items_and_exit,7,10,planned_static,99,1,0,state_ready,1,0,0xD913,0xD95E,ordinary traversal,custom_integrations/SuperMetroid-Snes/room_d7e4_from_d913.state,policies/room_clears/room_d7e4_from_d913_to_d95e.json
97,50,2,standard,room_d8c5_from_d6d0_to_d69a,0xD8C5,Shaktool Room,Maridia,traverse_to_exit,4,9,planned_static,13,0,0,state_ready,1,0,0xD6D0,0xD69A,ordinary traversal,custom_integrations/SuperMetroid-Snes/room_d8c5_from_d6d0.state,policies/room_clears/room_d8c5_from_d6d0_to_d69a.json
98,50,2,standard,room_da2b_from_d913_to_d9fe,0xDA2B,East Cactus Alley Room,Maridia,traverse_to_exit,10,6,planned_static,116,0,0,state_ready,1,0,0xD913,0xD9FE,ordinary traversal,custom_integrations/SuperMetroid-Snes/room_da2b_from_d913.state,policies/room_clears/room_da2b_from_d913_to_d9fe.json
99,50,2,standard,room_a788_from_afa3_to_a7b3,0xA788,Cathedral,Norfair,collect_items_and_exit,6,10,planned_static,41,1,0,state_ready,1,0,0xAFA3,0xA7B3,ordinary traversal,custom_integrations/SuperMetroid-Snes/room_a788_from_afa3.state,policies/room_clears/room_a788_from_afa3_to_a7b3.json
100,50,2,standard,room_a7b3_from_a788_to_a7de,0xA7B3,Cathedral Entrance,Norfair,traverse_to_exit,6,6,planned_static,84,1,0,state_ready,1,0,0xA788,0xA7DE,ordinary traversal,custom_integrations/SuperMetroid-Snes/room_a7b3_from_a788.state,policies/room_clears/room_a7b3_from_a788_to_a7de.json
101,50,2,standard,room_a8b9_from_a890_to_a865,0xA8B9,Ice Beam Snake Room,Norfair,traverse_to_exit,6,7,planned_static,109,1,1,state_ready,1,0,0xA890,0xA865,ordinary traversal,custom_integrations/SuperMetroid-Snes/room_a8b9_from_a890.state,policies/room_clears/room_a8b9_from_a890_to_a865.json
102,50,2,standard,room_ab64_from_ab07_to_abd2,0xAB64,Grapple Tutorial Room 3,Norfair,traverse_to_exit,6,10,planned_static,44,0,0,state_ready,1,0,0xAB07,0xABD2,ordinary traversal,custom_integrations/SuperMetroid-Snes/room_ab64_from_ab07.state,policies/room_clears/room_ab64_from_ab07_to_abd2.json
103,50,2,standard,room_ac5a_from_ac83_to_ac83,0xAC5A,Norfair Reserve Tank Room,Norfair,collect_and_return,2,9,planned_static,28,0,0,state_ready,1,0,0xAC83,0xAC83,ordinary traversal,custom_integrations/SuperMetroid-Snes/room_ac5a_from_ac83.state,policies/room_clears/room_ac5a_from_ac83_to_ac83.json
104,50,2,standard,room_adad_from_adde_to_ad5e,0xADAD,Double Chamber,Norfair,collect_items_and_exit,8,8,planned_static,76,0,1,state_ready,1,0,0xADDE,0xAD5E,ordinary traversal,custom_integrations/SuperMetroid-Snes/room_adad_from_adde.state,policies/room_clears/room_adad_from_adde_to_ad5e.json
105,50,2,standard,room_ae07_from_ae32_to_ad5e,0xAE07,Spiky Platforms Tunnel,Norfair,traverse_to_exit,4,3,planned_static,54,0,0,state_ready,1,0,0xAE32,0xAD5E,ordinary traversal,custom_integrations/SuperMetroid-Snes/room_ae07_from_ae32.state,policies/room_clears/room_ae07_from_ae32_to_ad5e.json
106,50,2,standard,room_ae74_from_ae32_to_affb,0xAE74,Kronic Boost Room,Norfair,traverse_to_exit,6,4,planned_static,46,0,0,state_ready,1,0,0xAE32,0xAFFB,ordinary traversal,custom_integrations/SuperMetroid-Snes/room_ae74_from_ae32.state,policies/room_clears/room_ae74_from_ae32_to_affb.json
107,50,2,standard,room_aeb4_from_ae74_to_aedf,0xAEB4,Magdollite Tunnel,Norfair,traverse_to_exit,3,11,planned_static,32,0,0,state_ready,1,0,0xAE74,0xAEDF,ordinary traversal,custom_integrations/SuperMetroid-Snes/room_aeb4_from_ae74.state,policies/room_clears/room_aeb4_from_ae74_to_aedf.json
108,50,2,standard,room_b2da_from_b3a5_to_b6c1,0xB2DA,Fast Ripper Room,Norfair,traverse_to_exit,4,6,planned_static,60,0,0,state_ready,1,0,0xB3A5,0xB6C1,ordinary traversal,custom_integrations/SuperMetroid-Snes/room_b2da_from_b3a5.state,policies/room_clears/room_b2da_from_b3a5_to_b6c1.json
109,50,2,standard,room_b37a_from_b32e_to_b482,0xB37A,Lower Norfair Farming Room,Norfair,traverse_to_exit,3,11,planned_static,44,1,0,state_ready,1,0,0xB32E,0xB482,ordinary traversal,custom_integrations/SuperMetroid-Snes/room_b37a_from_b32e.state,policies/room_clears/room_b37a_from_b32e_to_b482.json
110,50,2,standard,room_cb8b_from_cbd5_to_cd5c,0xCB8B,Spiky Death Room,Wrecked Ship,traverse_to_exit,2,10,planned_static,28,0,0,state_ready,1,0,0xCBD5,0xCD5C,ordinary traversal,custom_integrations/SuperMetroid-Snes/room_cb8b_from_cbd5.state,policies/room_clears/room_cb8b_from_cbd5_to_cd5c.json
111,50,2,standard,room_cc27_from_cbd5_to_cbd5,0xCC27,Wrecked Ship Energy Tank Room,Wrecked Ship,collect_and_return,6,5,planned_static,30,0,0,state_ready,1,0,0xCBD5,0xCBD5,ordinary traversal,custom_integrations/SuperMetroid-Snes/room_cc27_from_cbd5.state,policies/room_clears/room_cc27_from_cbd5_to_cbd5.json
112,50,2,standard,room_cdf1_from_caf6_to_caf6,0xCDF1,Wrecked Ship East Super Room,Wrecked Ship,collect_and_return,4,8,unresolved,,0,0,state_ready,1,0,0xCAF6,0xCAF6,ordinary traversal,custom_integrations/SuperMetroid-Snes/room_cdf1_from_caf6.state,policies/room_clears/room_cdf1_from_caf6_to_caf6.json
113,32274,3,tough,room_a4b1_from_a471_to_a471,0xA4B1,Warehouse Energy Tank Room,Brinstar,collect_and_return,1,4,planned_static,11,0,0,unstarted,0,0,0xA471,0xA471,gated exit,custom_integrations/SuperMetroid-Snes/room_a4b1_from_a471.state,policies/room_clears/room_a4b1_from_a471_to_a471.json
114,32392,3,tough,room_a130_from_a15b_to_9d19,0xA130,Pink Brinstar Hopper Room,Brinstar,traverse_to_exit,4,9,planned_static,44,0,0,unstarted,0,0,0xA15B,0x9D19,gated exit,custom_integrations/SuperMetroid-Snes/room_a130_from_a15b.state,policies/room_clears/room_a130_from_a15b_to_9d19.json
115,32400,3,tough,room_a521_from_a56b_to_a4da,0xA521,Baby Kraid Room,Brinstar,traverse_to_exit,6,4,planned_static,62,1,1,unstarted,0,0,0xA56B,0xA4DA,gated exit,custom_integrations/SuperMetroid-Snes/room_a521_from_a56b.state,policies/room_clears/room_a521_from_a56b_to_a4da.json
116,32424,3,tough,room_9552_from_957d_to_94fd,0x9552,Forgotten Highway Kago Room,Crateria,traverse_to_exit,4,2,planned_static,50,0,0,unstarted,0,0,0x957D,0x94FD,large/vertical geometry,custom_integrations/SuperMetroid-Snes/room_9552_from_957d.state,policies/room_clears/room_9552_from_957d_to_94fd.json
117,32440,3,tough,room_975c_from_96ba_to_97b5,0x975C,Pit Room,Crateria,traverse_to_exit,6,10,planned_static,30,1,0,unstarted,0,0,0x96BA,0x97B5,gated exit,custom_integrations/SuperMetroid-Snes/room_975c_from_96ba.state,policies/room_clears/room_975c_from_96ba_to_97b5.json
118,32465,3,tough,room_b482_from_b62b_to_b37a,0xB482,Plowerhouse Room,Norfair,traverse_to_exit,3,15,planned_static,30,1,0,unstarted,0,0,0xB62B,0xB37A,dense enemies,custom_integrations/SuperMetroid-Snes/room_b482_from_b62b.state,policies/room_clears/room_b482_from_b62b_to_b37a.json
119,32467,3,tough,room_d2aa_from_d27e_to_d27e,0xD2AA,Plasma Beam Room,Maridia,collect_and_return,6,6,planned_static,55,0,0,unstarted,0,0,0xD27E,0xD27E,gated exit,custom_integrations/SuperMetroid-Snes/room_d2aa_from_d27e.state,policies/room_clears/room_d2aa_from_d27e_to_d27e.json
120,32478,3,tough,room_d387_from_d27e_to_d340,0xD387,Kassiuz Room,Maridia,traverse_to_exit,4,7,planned_static,44,0,0,unstarted,0,0,0xD27E,0xD340,large/vertical geometry,custom_integrations/SuperMetroid-Snes/room_d387_from_d27e.state,policies/room_clears/room_d387_from_d27e_to_d340.json
121,32485,3,tough,room_ac2b_from_ab8f_to_ac00,0xAC2B,Grapple Beam Room,Norfair,collect_items_and_exit,4,0,planned_static,35,0,0,unstarted,0,0,0xAB8F,0xAC00,large/vertical geometry,custom_integrations/SuperMetroid-Snes/room_ac2b_from_ab8f.state,policies/room_clears/room_ac2b_from_ab8f_to_ac00.json
122,32551,3,tough,room_d408_from_d48e_to_d340,0xD408,Toilet Bowl,Maridia,traverse_to_exit,10,3,planned_static,15,0,0,unstarted,0,0,0xD48E,0xD340,large/vertical geometry,custom_integrations/SuperMetroid-Snes/room_d408_from_d48e.state,policies/room_clears/room_d408_from_d48e_to_d340.json
123,32561,3,tough,room_a8f8_from_a923_to_a815,0xA8F8,Crumble Shaft,Norfair,collect_items_and_exit,4,6,planned_static,39,0,0,unstarted,0,0,0xA923,0xA815,large/vertical geometry,custom_integrations/SuperMetroid-Snes/room_a8f8_from_a923.state,policies/room_clears/room_a8f8_from_a923_to_a815.json
124,32571,3,tough,room_afa3_from_acb3_to_a788,0xAFA3,Rising Tide,Norfair,traverse_to_exit,5,17,planned_static,62,1,0,unstarted,0,0,0xACB3,0xA788,dense enemies,custom_integrations/SuperMetroid-Snes/room_afa3_from_acb3.state,policies/room_clears/room_afa3_from_acb3_to_a788.json
125,32604,3,tough,room_d16d_from_d1dd_to_d13b,0xD16D,Northwest Maridia Bug Room,Maridia,traverse_to_exit,8,12,planned_static,80,0,0,unstarted,0,0,0xD1DD,0xD13B,dense enemies,custom_integrations/SuperMetroid-Snes/room_d16d_from_d1dd.state,policies/room_clears/room_d16d_from_d1dd_to_d13b.json
126,32617,3,tough,room_d2d9_from_d30b_to_d433,0xD2D9,Thread The Needle Room,Maridia,traverse_to_exit,7,15,planned_static,82,0,0,unstarted,0,0,0xD30B,0xD433,dense enemies,custom_integrations/SuperMetroid-Snes/room_d2d9_from_d30b.state,policies/room_clears/room_d2d9_from_d30b_to_d433.json
127,32623,3,tough,room_9b9d_from_9ad9_to_9c35,0x9B9D,Brinstar Pre-Map Room,Brinstar,visit_station_and_return,3,4,unresolved,,0,0,unstarted,0,0,0x9AD9,0x9C35,static collision path unresolved,custom_integrations/SuperMetroid-Snes/room_9b9d_from_9ad9.state,policies/room_clears/room_9b9d_from_9ad9_to_9c35.json
128,32625,3,tough,room_95a8_from_94cc_to_957d,0x95A8,Forgotten Highway Elbow,Crateria,traverse_to_exit,1,0,unresolved,,0,0,unstarted,0,0,0x94CC,0x957D,static collision path unresolved,custom_integrations/SuperMetroid-Snes/room_95a8_from_94cc.state,policies/room_clears/room_95a8_from_94cc_to_957d.json
129,32632,3,tough,room_9bc8_from_9c07_to_9ad9,0x9BC8,Early Supers Room,Brinstar,collect_items_and_exit,6,13,planned_static,46,0,0,unstarted,0,0,0x9C07,0x9AD9,dense enemies,custom_integrations/SuperMetroid-Snes/room_9bc8_from_9c07.state,policies/room_clears/room_9bc8_from_9c07_to_9ad9.json
130,32637,3,tough,room_94cc_from_d30b_to_95a8,0x94CC,Elevator To Maridia,Crateria,traverse_to_exit,1,1,unresolved,,0,0,unstarted,0,0,0xD30B,0x95A8,static collision path unresolved,custom_integrations/SuperMetroid-Snes/room_94cc_from_d30b.state,policies/room_clears/room_94cc_from_d30b_to_95a8.json
131,32637,3,tough,room_962a_from_948c_to_a322,0x962A,Elevator To Caterpillar,Crateria,traverse_to_exit,1,1,unresolved,,1,1,unstarted,0,0,0x948C,0xA322,static collision path unresolved,custom_integrations/SuperMetroid-Snes/room_962a_from_948c.state,policies/room_clears/room_962a_from_948c_to_a322.json
132,32637,3,tough,room_97b5_from_9e9f_to_975c,0x97B5,Elevator To Morph Ball,Crateria,traverse_to_exit,1,1,unresolved,,1,0,unstarted,0,0,0x9E9F,0x975C,static collision path unresolved,custom_integrations/SuperMetroid-Snes/room_97b5_from_9e9f.state,policies/room_clears/room_97b5_from_9e9f_to_975c.json
133,32637,3,tough,room_9938_from_9ad9_to_9969,0x9938,Elevator To Green Brinstar,Crateria,traverse_to_exit,1,1,unresolved,,0,0,unstarted,0,0,0x9AD9,0x9969,static collision path unresolved,custom_integrations/SuperMetroid-Snes/room_9938_from_9ad9.state,policies/room_clears/room_9938_from_9ad9_to_9969.json
134,32637,3,tough,room_af3f_from_b236_to_af14,0xAF3F,Lower Norfair Elevator,Norfair,traverse_to_exit,1,1,unresolved,,0,0,unstarted,0,0,0xB236,0xAF14,static collision path unresolved,custom_integrations/SuperMetroid-Snes/room_af3f_from_b236.state,policies/room_clears/room_af3f_from_b236_to_af14.json
135,32650,3,tough,room_d48e_from_d408_to_d4c2,0xD48E,Oasis,Maridia,traverse_to_exit,2,0,unresolved,,0,0,unstarted,0,0,0xD408,0xD4C2,static collision path unresolved,custom_integrations/SuperMetroid-Snes/room_d48e_from_d408.state,policies/room_clears/room_d48e_from_d408_to_d4c2.json
136,32661,3,tough,room_d5ec_from_d9fe_to_d340,0xD5EC,Butterfly Room,Maridia,traverse_to_exit,1,3,unresolved,,0,0,unstarted,0,0,0xD9FE,0xD340,static collision path unresolved,custom_integrations/SuperMetroid-Snes/room_d5ec_from_d9fe.state,policies/room_clears/room_d5ec_from_d9fe_to_d340.json
137,32661,3,tough,room_d86e_from_d433_to_d5ec,0xD86E,Plasma Beach Quicksand Room,Maridia,traverse_to_exit,1,3,unresolved,,0,0,unstarted,0,0,0xD433,0xD5EC,static collision path unresolved,custom_integrations/SuperMetroid-Snes/room_d86e_from_d433.state,policies/room_clears/room_d86e_from_d433_to_d5ec.json
138,32675,3,tough,room_aedf_from_aeb4_to_acb3,0xAEDF,Purple Shaft,Norfair,traverse_to_exit,3,0,unresolved,,0,0,unstarted,0,0,0xAEB4,0xACB3,static collision path unresolved,custom_integrations/SuperMetroid-Snes/room_aedf_from_aeb4.state,policies/room_clears/room_aedf_from_aeb4_to_acb3.json
139,32687,3,tough,room_cefb_from_ced2_to_cfc9,0xCEFB,Glass Tunnel,Maridia,traverse_to_exit,3,1,unresolved,,1,1,unstarted,0,0,0xCED2,0xCFC9,static collision path unresolved,custom_integrations/SuperMetroid-Snes/room_cefb_from_ced2.state,policies/room_clears/room_cefb_from_ced2_to_cfc9.json
140,32717,3,tough,room_af14_from_ae74_to_af3f,0xAF14,Lava Dive Room,Norfair,traverse_to_exit,12,6,planned_static,95,0,0,unstarted,0,0,0xAE74,0xAF3F,large/vertical geometry,custom_integrations/SuperMetroid-Snes/room_af14_from_ae74.state,policies/room_clears/room_af14_from_ae74_to_af3f.json
141,32722,3,tough,room_9a44_from_92fd_to_9a90,0x9A44,Final Missile Bombway,Crateria,traverse_to_exit,2,6,unresolved,,0,0,unstarted,0,0,0x92FD,0x9A90,static collision path unresolved,custom_integrations/SuperMetroid-Snes/room_9a44_from_92fd.state,policies/room_clears/room_9a44_from_92fd_to_9a90.json
142,32722,3,tough,room_d57a_from_d5a7_to_d51e,0xD57A,East Aqueduct Quicksand Room,Maridia,traverse_to_exit,2,6,unresolved,,0,0,unstarted,0,0,0xD5A7,0xD51E,static collision path unresolved,custom_integrations/SuperMetroid-Snes/room_d57a_from_d5a7.state,policies/room_clears/room_d57a_from_d5a7_to_d51e.json
143,32724,3,tough,room_b457_from_b4ad_to_b3a5,0xB457,Pillar Room,Norfair,traverse_to_exit,4,2,unresolved,,0,0,unstarted,0,0,0xB4AD,0xB3A5,static collision path unresolved,custom_integrations/SuperMetroid-Snes/room_b457_from_b4ad.state,policies/room_clears/room_b457_from_b4ad_to_b3a5.json
144,32734,3,tough,room_d54d_from_d5a7_to_d4ef,0xD54D,West Aqueduct Quicksand Room,Maridia,traverse_to_exit,2,7,unresolved,,0,0,unstarted,0,0,0xD5A7,0xD4EF,static collision path unresolved,custom_integrations/SuperMetroid-Snes/room_d54d_from_d5a7.state,policies/room_clears/room_d54d_from_d5a7_to_d4ef.json
145,32735,3,tough,room_d055_from_d017_to_d017,0xD055,Mama Turtle Room,Maridia,collect_and_return,12,5,planned_static,75,0,0,unstarted,0,0,0xD017,0xD017,large/vertical geometry,custom_integrations/SuperMetroid-Snes/room_d055_from_d017.state,policies/room_clears/room_d055_from_d017_to_d017.json
146,32735,3,tough,room_d69a_from_d8c5_to_d646,0xD69A,East Pants Room,Maridia,traverse_to_exit,3,5,unresolved,,0,0,unstarted,0,0,0xD8C5,0xD646,static collision path unresolved,custom_integrations/SuperMetroid-Snes/room_d69a_from_d8c5.state,policies/room_clears/room_d69a_from_d8c5_to_d646.json
147,32735,3,tough,room_b3a5_from_b40a_to_b2da,0xB3A5,Fast Pillars Setup Room,Norfair,traverse_to_exit,3,5,unresolved,,0,0,unstarted,0,0,0xB40A,0xB2DA,static collision path unresolved,custom_integrations/SuperMetroid-Snes/room_b3a5_from_b40a.state,policies/room_clears/room_b3a5_from_b40a_to_b2da.json
148,32736,3,tough,room_a408_from_a447_to_a3dd,0xA408,Below Spazer,Brinstar,traverse_to_exit,4,3,unresolved,,1,1,unstarted,0,0,0xA447,0xA3DD,static collision path unresolved,custom_integrations/SuperMetroid-Snes/room_a408_from_a447.state,policies/room_clears/room_a408_from_a447_to_a3dd.json
149,32736,3,tough,room_a471_from_a4da_to_a6a1,0xA471,Warehouse Zeela Room,Brinstar,traverse_to_exit,4,3,unresolved,,1,1,unstarted,0,0,0xA4DA,0xA6A1,static collision path unresolved,custom_integrations/SuperMetroid-Snes/room_a471_from_a4da.state,policies/room_clears/room_a471_from_a4da_to_a6a1.json
150,32746,3,tough,room_b07a_from_acf0_to_acb3,0xB07A,Bat Cave,Norfair,traverse_to_exit,2,8,unresolved,,1,1,unstarted,0,0,0xACF0,0xACB3,static collision path unresolved,custom_integrations/SuperMetroid-Snes/room_b07a_from_acf0.state,policies/room_clears/room_b07a_from_acf0_to_acb3.json
151,32750,3,tough,room_a37c_from_a322_to_a322,0xA37C,Beta Power Bomb Room,Brinstar,collect_and_return,4,5,unresolved,,0,0,unstarted,0,0,0xA322,0xA322,gated exit,custom_integrations/SuperMetroid-Snes/room_a37c_from_a322.state,policies/room_clears/room_a37c_from_a322_to_a322.json
152,32759,3,tough,room_ca52_from_caae_to_93fe,0xCA52,Attic,Wrecked Ship,traverse_to_exit,7,21,planned_static,112,0,0,unstarted,0,0,0xCAAE,0x93FE,gated exit;dense enemies,custom_integrations/SuperMetroid-Snes/room_ca52_from_caae.state,policies/room_clears/room_ca52_from_caae_to_93fe.json
153,32759,3,tough,room_cbd5_from_cc27_to_cb8b,0xCBD5,Electric Death Room,Wrecked Ship,traverse_to_exit,3,7,unresolved,,0,0,unstarted,0,0,0xCC27,0xCB8B,static collision path unresolved,custom_integrations/SuperMetroid-Snes/room_cbd5_from_cc27.state,policies/room_clears/room_cbd5_from_cc27_to_cb8b.json
154,32762,3,tough,room_a6a1_from_a471_to_a7de,0xA6A1,Warehouse Entrance,Brinstar,traverse_to_exit,6,1,unresolved,,1,1,unstarted,0,0,0xA471,0xA7DE,static collision path unresolved,custom_integrations/SuperMetroid-Snes/room_a6a1_from_a471.state,policies/room_clears/room_a6a1_from_a471_to_a7de.json
155,32772,3,tough,room_d6fd_from_d898_to_d5a7,0xD6FD,Below Botwoon Energy Tank,Maridia,traverse_to_exit,4,6,unresolved,,0,0,unstarted,0,0,0xD898,0xD5A7,static collision path unresolved,custom_integrations/SuperMetroid-Snes/room_d6fd_from_d898.state,policies/room_clears/room_d6fd_from_d898_to_d5a7.json
156,32772,3,tough,room_af72_from_acb3_to_b139,0xAF72,Upper Norfair Farming Room,Norfair,traverse_to_exit,4,6,unresolved,,1,1,unstarted,0,0,0xACB3,0xB139,static collision path unresolved,custom_integrations/SuperMetroid-Snes/room_af72_from_acb3.state,policies/room_clears/room_af72_from_acb3_to_b139.json
157,32775,3,tough,room_b6c1_from_b2da_to_b283,0xB6C1,Screw Attack Room,Norfair,collect_items_and_exit,3,0,unresolved,,0,0,unstarted,0,0,0xB2DA,0xB283,static collision path unresolved,custom_integrations/SuperMetroid-Snes/room_b6c1_from_b2da.state,policies/room_clears/room_b6c1_from_b2da_to_b283.json
158,32783,3,tough,room_d4c2_from_d646_to_d48e,0xD4C2,East Sand Hall,Maridia,traverse_to_exit,3,9,unresolved,,0,0,unstarted,0,0,0xD646,0xD48E,static collision path unresolved,custom_integrations/SuperMetroid-Snes/room_d4c2_from_d646.state,policies/room_clears/room_d4c2_from_d646_to_d48e.json
159,32783,3,tough,room_d913_from_d72a_to_d845,0xD913,Halfie Climb Room,Maridia,traverse_to_exit,15,6,planned_static,86,1,0,unstarted,0,0,0xD72A,0xD845,large/vertical geometry,custom_integrations/SuperMetroid-Snes/room_d913_from_d72a.state,policies/room_clears/room_d913_from_d72a_to_d845.json
160,32784,3,tough,room_d617_from_d95e_to_d5a7,0xD617,Botwoon Hallway,Maridia,traverse_to_exit,4,7,unresolved,,1,0,unstarted,0,0,0xD95E,0xD5A7,static collision path unresolved,custom_integrations/SuperMetroid-Snes/room_d617_from_d95e.state,policies/room_clears/room_d617_from_d95e_to_d5a7.json
161,32784,3,tough,room_aa82_from_a98d_to_ab07,0xAA82,Post Crocomire Farming Room,Norfair,traverse_to_exit,4,7,unresolved,,0,0,unstarted,0,0,0xA98D,0xAB07,static collision path unresolved,custom_integrations/SuperMetroid-Snes/room_aa82_from_a98d.state,policies/room_clears/room_aa82_from_a98d_to_ab07.json
162,32797,3,tough,room_cc6f_from_cd13_to_cccb,0xCC6F,Wrecked Ship Basement,Wrecked Ship,traverse_to_exit,5,6,unresolved,,1,1,unstarted,0,0,0xCD13,0xCCCB,static collision path unresolved,custom_integrations/SuperMetroid-Snes/room_cc6f_from_cd13.state,policies/room_clears/room_cc6f_from_cd13_to_cccb.json
163,32798,3,tough,room_d104_from_d0b9_to_a322,0xD104,Red Fish Room,Maridia,traverse_to_exit,6,4,unresolved,,1,0,unstarted,0,0,0xD0B9,0xA322,static collision path unresolved,custom_integrations/SuperMetroid-Snes/room_d104_from_d0b9.state,policies/room_clears/room_d104_from_d0b9_to_a322.json
164,32798,3,tough,room_ac83_from_acb3_to_ac5a,0xAC83,Green Bubbles Missile Room,Norfair,collect_items_and_exit,2,4,unresolved,,0,0,unstarted,0,0,0xACB3,0xAC5A,static collision path unresolved,custom_integrations/SuperMetroid-Snes/room_ac83_from_acb3.state,policies/room_clears/room_ac83_from_acb3_to_ac5a.json
165,32808,3,tough,room_d461_from_d48e_to_d252,0xD461,West Sand Hall,Maridia,traverse_to_exit,4,9,unresolved,,0,0,unstarted,0,0,0xD48E,0xD252,static collision path unresolved,custom_integrations/SuperMetroid-Snes/room_d461_from_d48e.state,policies/room_clears/room_d461_from_d48e_to_d252.json
166,32809,3,tough,room_92b3_from_91f8_to_965b,0x92B3,Gauntlet Entrance,Crateria,traverse_to_exit,5,7,unresolved,,0,0,unstarted,0,0,0x91F8,0x965B,static collision path unresolved,custom_integrations/SuperMetroid-Snes/room_92b3_from_91f8.state,policies/room_clears/room_92b3_from_91f8_to_965b.json
167,32812,3,tough,room_9d9c_from_9dc7_to_9d19,0x9D9C,Spore Spawn Keyhunter Room,Brinstar,traverse_to_exit,4,6,unresolved,,1,0,unstarted,0,0,0x9DC7,0x9D19,gated exit;static collision path unresolved,custom_integrations/SuperMetroid-Snes/room_9d9c_from_9dc7.state,policies/room_clears/room_9d9c_from_9dc7_to_9d19.json
168,32812,3,tough,room_aa41_from_a7de_to_a9e5,0xAA41,Hi-Jump Shaft,Norfair,collect_items_and_exit,4,1,unresolved,,0,1,unstarted,0,0,0xA7DE,0xA9E5,static collision path unresolved,custom_integrations/SuperMetroid-Snes/room_aa41_from_a7de.state,policies/room_clears/room_aa41_from_a7de_to_a9e5.json
169,32820,3,tough,room_d72a_from_d78f_to_d913,0xD72A,Colosseum,Maridia,traverse_to_exit,14,8,planned_static,124,1,1,unstarted,0,0,0xD78F,0xD913,large/vertical geometry,custom_integrations/SuperMetroid-Snes/room_d72a_from_d78f.state,policies/room_clears/room_d72a_from_d78f_to_d913.json
170,32836,3,tough,room_d51e_from_d57a_to_d4c2,0xD51E,East Sand Hole,Maridia,collect_items_and_exit,4,3,unresolved,,0,0,unstarted,0,0,0xD57A,0xD4C2,static collision path unresolved,custom_integrations/SuperMetroid-Snes/room_d51e_from_d57a.state,policies/room_clears/room_d51e_from_d57a_to_d4c2.json
171,32848,3,tough,room_9e11_from_9d19_to_9d19,0x9E11,Pink Brinstar Power Bomb Room,Brinstar,collect_items_and_exit,4,4,unresolved,,1,1,unstarted,0,0,0x9D19,0x9D19,static collision path unresolved,custom_integrations/SuperMetroid-Snes/room_9e11_from_9d19.state,policies/room_clears/room_9e11_from_9d19_to_9d19.json
172,32848,3,tough,room_d4ef_from_d54d_to_d461,0xD4EF,West Sand Hole,Maridia,collect_items_and_exit,4,4,unresolved,,0,0,unstarted,0,0,0xD54D,0xD461,static collision path unresolved,custom_integrations/SuperMetroid-Snes/room_d4ef_from_d54d.state,policies/room_clears/room_d4ef_from_d54d_to_d461.json
173,32860,3,tough,room_a293_from_a2ce_to_a253,0xA293,Red Brinstar Fireflea Room,Brinstar,traverse_to_exit,16,11,planned_static,78,0,0,unstarted,0,0,0xA2CE,0xA253,large/vertical geometry,custom_integrations/SuperMetroid-Snes/room_a293_from_a2ce.state,policies/room_clears/room_a293_from_a2ce_to_a253.json
174,32872,3,tough,room_a56b_from_a641_to_a59f,0xA56B,Kraid's Eye Door,Brinstar,traverse_to_exit,4,11,unresolved,,1,1,unstarted,0,0,0xA641,0xA59F,gated exit;static collision path unresolved,custom_integrations/SuperMetroid-Snes/room_a56b_from_a641.state,policies/room_clears/room_a56b_from_a641_to_a59f.json
175,32874,3,tough,room_965b_from_92b3_to_99bd,0x965B,Gauntlet Energy Tank Room,Crateria,collect_items_and_exit,6,2,unresolved,,0,0,unstarted,0,0,0x92B3,0x99BD,static collision path unresolved,custom_integrations/SuperMetroid-Snes/room_965b_from_92b3.state,policies/room_clears/room_965b_from_92b3_to_99bd.json
176,32896,3,tough,room_957d_from_95a8_to_9552,0x957D,Crab Maze,Crateria,traverse_to_exit,8,8,unresolved,,0,0,unstarted,0,0,0x95A8,0x9552,static collision path unresolved,custom_integrations/SuperMetroid-Snes/room_957d_from_95a8.state,policies/room_clears/room_957d_from_95a8_to_9552.json
177,32897,3,tough,room_948c_from_962a_to_95d4,0x948C,Crateria Kihunter Room,Crateria,traverse_to_exit,9,6,unresolved,,1,0,unstarted,0,0,0x962A,0x95D4,static collision path unresolved,custom_integrations/SuperMetroid-Snes/room_948c_from_962a.state,policies/room_clears/room_948c_from_962a_to_95d4.json
178,32910,3,tough,room_9f11_from_9f64_to_a107,0x9F11,Construction Zone,Brinstar,traverse_to_exit,2,15,unresolved,,1,0,unstarted,0,0,0x9F64,0xA107,dense enemies;static collision path unresolved,custom_integrations/SuperMetroid-Snes/room_9f11_from_9f64.state,policies/room_clears/room_9f11_from_9f64_to_a107.json
179,32923,3,tough,room_ab07_from_ab8f_to_ab64,0xAB07,Post Crocomire Shaft,Norfair,traverse_to_exit,5,4,unresolved,,0,0,unstarted,0,0,0xAB8F,0xAB64,large/vertical geometry;static collision path unresolved,custom_integrations/SuperMetroid-Snes/room_ab07_from_ab8f.state,policies/room_clears/room_ab07_from_ab8f_to_ab64.json
180,32945,3,tough,room_ae32_from_ae74_to_ae07,0xAE32,Volcano Room,Norfair,traverse_to_exit,9,10,unresolved,,0,0,unstarted,0,0,0xAE74,0xAE07,static collision path unresolved,custom_integrations/SuperMetroid-Snes/room_ae32_from_ae74.state,policies/room_clears/room_ae32_from_ae74_to_ae07.json
181,32945,3,tough,room_b1e5_from_b283_to_b236,0xB1E5,Acid Statue Room,Norfair,traverse_to_exit,9,10,unresolved,,0,0,unstarted,0,0,0xB283,0xB236,static collision path unresolved,custom_integrations/SuperMetroid-Snes/room_b1e5_from_b283.state,policies/room_clears/room_b1e5_from_b283_to_b236.json
182,32951,3,tough,room_990d_from_92fd_to_99bd,0x990D,Terminator Room,Crateria,collect_items_and_exit,18,9,planned_static,43,1,0,unstarted,0,0,0x92FD,0x99BD,large/vertical geometry,custom_integrations/SuperMetroid-Snes/room_990d_from_92fd.state,policies/room_clears/room_990d_from_92fd_to_99bd.json
183,32952,3,tough,room_b4e5_from_b585_to_b4ad,0xB4E5,Amphitheatre,Norfair,traverse_to_exit,20,9,planned_static,94,0,0,unstarted,0,0,0xB585,0xB4AD,large/vertical geometry,custom_integrations/SuperMetroid-Snes/room_b4e5_from_b585.state,policies/room_clears/room_b4e5_from_b585_to_b4ad.json
184,32996,3,tough,room_a4da_from_a70b_to_a471,0xA4DA,Warehouse Kihunter Room,Brinstar,collect_items_and_exit,8,8,unresolved,,1,1,unstarted,0,0,0xA70B,0xA471,static collision path unresolved,custom_integrations/SuperMetroid-Snes/room_a4da_from_a70b.state,policies/room_clears/room_a4da_from_a70b_to_a471.json
185,32996,3,tough,room_d30b_from_94cc_to_d2d9,0xD30B,Maridia Elevator,Maridia,traverse_to_exit,6,8,unresolved,,0,0,unstarted,0,0,0x94CC,0xD2D9,large/vertical geometry;static collision path unresolved,custom_integrations/SuperMetroid-Snes/room_d30b_from_94cc.state,policies/room_clears/room_d30b_from_94cc_to_d2d9.json
186,32998,3,tough,room_d1a3_from_d5a7_to_d1dd,0xD1A3,Crab Shaft,Maridia,traverse_to_exit,8,4,unresolved,,1,0,unstarted,0,0,0xD5A7,0xD1DD,large/vertical geometry;static collision path unresolved,custom_integrations/SuperMetroid-Snes/room_d1a3_from_d5a7.state,policies/room_clears/room_d1a3_from_d5a7_to_d1dd.json
187,33009,3,tough,room_9f64_from_a1ad_to_9f11,0x9F64,Blue Brinstar Energy Tank Room,Brinstar,collect_items_and_exit,9,7,unresolved,,0,0,unstarted,0,0,0xA1AD,0x9F11,static collision path unresolved,custom_integrations/SuperMetroid-Snes/room_9f64_from_a1ad.state,policies/room_clears/room_9f64_from_a1ad_to_9f11.json
188,33009,3,tough,room_a7de_from_a6a1_to_aa0e,0xA7DE,Business Center,Norfair,traverse_to_exit,7,7,unresolved,,1,1,unstarted,0,0,0xA6A1,0xAA0E,large/vertical geometry;static collision path unresolved,custom_integrations/SuperMetroid-Snes/room_a7de_from_a6a1.state,policies/room_clears/room_a7de_from_a6a1_to_aa0e.json
189,33010,3,tough,room_b510_from_b55a_to_b656,0xB510,Lower Norfair Springball Maze Room,Norfair,collect_items_and_exit,10,5,unresolved,,1,1,unstarted,0,0,0xB55A,0xB656,static collision path unresolved,custom_integrations/SuperMetroid-Snes/room_b510_from_b55a.state,policies/room_clears/room_b510_from_b55a_to_b656.json
190,33032,3,tough,room_b4ad_from_b457_to_b40a,0xB4AD,Worst Room in the Game,Norfair,traverse_to_exit,6,11,unresolved,,0,0,unstarted,0,0,0xB457,0xB40A,large/vertical geometry;static collision path unresolved,custom_integrations/SuperMetroid-Snes/room_b4ad_from_b457.state,policies/room_clears/room_b4ad_from_b457_to_b40a.json
191,33032,3,late_special,room_dd2e_from_dcff_to_dcff,0xDD2E,Tourian Recharge Room,Tourian,visit_station_and_return,1,0,planned_static,7,0,0,unstarted,0,0,0xDCFF,0xDCFF,scripted/late-game room,custom_integrations/SuperMetroid-Snes/room_dd2e_from_dcff.state,policies/room_clears/room_dd2e_from_dcff_to_dcff.json
192,33032,3,late_special,room_de23_from_ddf3_to_ddf3,0xDE23,Lower Tourian Save Room,Tourian,visit_station_and_return,1,0,planned_static,7,0,0,unstarted,0,0,0xDDF3,0xDDF3,scripted/late-game room,custom_integrations/SuperMetroid-Snes/room_de23_from_ddf3.state,policies/room_clears/room_de23_from_ddf3_to_ddf3.json
193,33033,3,late_special,room_df1b_from_daae_to_daae,0xDF1B,Upper Tourian Save Room,Tourian,visit_station_and_return,1,0,planned_static,8,0,0,unstarted,0,0,0xDAAE,0xDAAE,scripted/late-game room,custom_integrations/SuperMetroid-Snes/room_df1b_from_daae.state,policies/room_clears/room_df1b_from_daae_to_daae.json
194,33046,3,tough,room_a011_from_a051_to_9ad9,0xA011,Etacoon Energy Tank Room,Brinstar,collect_items_and_exit,10,8,unresolved,,0,0,unstarted,0,0,0xA051,0x9AD9,static collision path unresolved,custom_integrations/SuperMetroid-Snes/room_a011_from_a051.state,policies/room_clears/room_a011_from_a051_to_9ad9.json
195,33054,3,tough,room_d340_from_d387_to_d5ec,0xD340,Plasma Spark Room,Maridia,traverse_to_exit,24,11,planned_static,72,0,0,unstarted,0,0,0xD387,0xD5EC,large/vertical geometry,custom_integrations/SuperMetroid-Snes/room_d340_from_d387.state,policies/room_clears/room_d340_from_d387_to_d5ec.json
196,33109,3,tough,room_99bd_from_9969_to_965b,0x99BD,Green Pirates Shaft,Crateria,collect_items_and_exit,7,7,unresolved,,1,0,unstarted,0,0,0x9969,0x965B,large/vertical geometry;static collision path unresolved,custom_integrations/SuperMetroid-Snes/room_99bd_from_9969.state,policies/room_clears/room_99bd_from_9969_to_965b.json
197,33109,3,tough,room_b6ee_from_b585_to_b510,0xB6EE,Lower Norfair Fireflea Room,Norfair,collect_items_and_exit,18,13,planned_static,73,1,0,unstarted,0,0,0xB585,0xB510,large/vertical geometry;dense enemies,custom_integrations/SuperMetroid-Snes/room_b6ee_from_b585.state,policies/room_clears/room_b6ee_from_b585_to_b510.json
198,33132,3,tough,room_a253_from_a618_to_a2f7,0xA253,Red Tower,Brinstar,traverse_to_exit,10,11,unresolved,,1,1,unstarted,0,0,0xA618,0xA2F7,large/vertical geometry;static collision path unresolved,custom_integrations/SuperMetroid-Snes/room_a253_from_a618.state,policies/room_clears/room_a253_from_a618_to_a2f7.json
199,33146,3,tough,room_d017_from_d0b9_to_cfc9,0xD017,Fish Tank,Maridia,traverse_to_exit,12,8,unresolved,,0,0,unstarted,0,0,0xD0B9,0xCFC9,large/vertical geometry;static collision path unresolved,custom_integrations/SuperMetroid-Snes/room_d017_from_d0b9.state,policies/room_clears/room_d017_from_d0b9_to_cfc9.json
200,33186,3,tough,room_d646_from_d4c2_to_d8c5,0xD646,Pants Room,Maridia,traverse_to_exit,8,13,unresolved,,0,0,unstarted,0,0,0xD4C2,0xD8C5,large/vertical geometry;dense enemies;static collision path unresolved,custom_integrations/SuperMetroid-Snes/room_d646_from_d4c2.state,policies/room_clears/room_d646_from_d4c2_to_d8c5.json
201,33190,3,late_special,room_dc65_from_dc19_to_dcb1,0xDC65,Dust Torizo Room,Tourian,traverse_to_exit,2,1,planned_static,28,1,0,unstarted,0,0,0xDC19,0xDCB1,scripted/late-game room,custom_integrations/SuperMetroid-Snes/room_dc65_from_dc19.state,policies/room_clears/room_dc65_from_dc19_to_dcb1.json
202,33197,3,tough,room_b585_from_b5d5_to_b4e5,0xB585,Red Kihunter Shaft,Norfair,traverse_to_exit,15,6,unresolved,,1,0,unstarted,0,0,0xB5D5,0xB4E5,large/vertical geometry;static collision path unresolved,custom_integrations/SuperMetroid-Snes/room_b585_from_b5d5.state,policies/room_clears/room_b585_from_b5d5_to_b4e5.json
203,33204,3,late_special,room_e021_from_e06b_to_dfd7,0xE021,Dead Scientist Room,Ceres,traverse_to_exit,2,2,planned_static,30,1,0,unstarted,0,0,0xE06B,0xDFD7,scripted/late-game room,custom_integrations/SuperMetroid-Snes/room_e021_from_e06b.state,policies/room_clears/room_e021_from_e06b_to_dfd7.json
204,33204,3,late_special,room_e06b_from_e0b5_to_e021,0xE06B,Ceres Flat Room,Ceres,traverse_to_exit,2,2,planned_static,30,1,0,unstarted,0,0,0xE0B5,0xE021,scripted/late-game room,custom_integrations/SuperMetroid-Snes/room_e06b_from_e0b5.state,policies/room_clears/room_e06b_from_e0b5_to_e021.json
205,33243,3,late_special,room_db31_from_db7d_to_dae1,0xDB31,Metroid Room 2,Tourian,traverse_to_exit,2,6,planned_static,21,1,0,unstarted,0,0,0xDB7D,0xDAE1,scripted/late-game room,custom_integrations/SuperMetroid-Snes/room_db31_from_db7d.state,policies/room_clears/room_db31_from_db7d_to_dae1.json
206,33248,3,late_special,room_ddc4_from_ddf3_to_dcff,0xDDC4,Tourian Eye Door Room,Tourian,traverse_to_exit,4,0,planned_static,48,1,1,unstarted,0,0,0xDDF3,0xDCFF,scripted/late-game room,custom_integrations/SuperMetroid-Snes/room_ddc4_from_ddf3.state,policies/room_clears/room_ddc4_from_ddf3_to_dcff.json
207,33248,3,late_special,room_ddf3_from_dd58_to_ddc4,0xDDF3,Rinka Shaft,Tourian,traverse_to_exit,3,3,planned_static,37,1,0,unstarted,0,0,0xDD58,0xDDC4,scripted/late-game room,custom_integrations/SuperMetroid-Snes/room_ddf3_from_dd58.state,policies/room_clears/room_ddf3_from_dd58_to_ddc4.json
208,33258,3,tough,room_d1dd_from_d1a3_to_d16d,0xD1DD,Pseudo Plasma Spark Room,Maridia,collect_items_and_exit,12,9,unresolved,,0,0,unstarted,0,0,0xD1A3,0xD16D,large/vertical geometry;static collision path unresolved,custom_integrations/SuperMetroid-Snes/room_d1dd_from_d1a3.state,policies/room_clears/room_d1dd_from_d1a3_to_d16d.json
209,33282,3,late_special,room_dfd7_from_e021_to_df8d,0xDFD7,Magnet Stairs Room,Ceres,traverse_to_exit,2,7,planned_static,48,1,0,unstarted,0,0,0xE021,0xDF8D,scripted/late-game room,custom_integrations/SuperMetroid-Snes/room_dfd7_from_e021.state,policies/room_clears/room_dfd7_from_e021_to_df8d.json
210,33284,3,late_special,room_dbcd_from_dc19_to_db7d,0xDBCD,Metroid Room 4,Tourian,traverse_to_exit,2,7,planned_static,50,1,0,unstarted,0,0,0xDC19,0xDB7D,scripted/late-game room,custom_integrations/SuperMetroid-Snes/room_dbcd_from_dc19.state,policies/room_clears/room_dbcd_from_dc19_to_db7d.json
211,33306,3,tough,room_ab8f_from_ab07_to_ac2b,0xAB8F,Post Crocomire Jump Room,Norfair,collect_items_and_exit,24,13,planned_static,120,0,0,unstarted,0,0,0xAB07,0xAC2B,large/vertical geometry;dense enemies,custom_integrations/SuperMetroid-Snes/room_ab8f_from_ab07.state,policies/room_clears/room_ab8f_from_ab07_to_ac2b.json
212,33312,3,tough,room_9b5b_from_a0a4_to_9dc7,0x9B5B,Spore Spawn Super Room,Brinstar,collect_items_and_exit,18,1,unresolved,,1,1,unstarted,0,0,0xA0A4,0x9DC7,large/vertical geometry;static collision path unresolved,custom_integrations/SuperMetroid-Snes/room_9b5b_from_a0a4.state,policies/room_clears/room_9b5b_from_a0a4_to_9dc7.json
213,33336,3,late_special,room_df8d_from_dfd7_to_df45,0xDF8D,Falling Tile Room,Ceres,traverse_to_exit,2,13,planned_static,30,1,0,unstarted,0,0,0xDFD7,0xDF45,scripted/late-game room,custom_integrations/SuperMetroid-Snes/room_df8d_from_dfd7.state,policies/room_clears/room_df8d_from_dfd7_to_df45.json
214,33336,3,tough,room_c98e_from_968f_to_93fe,0xC98E,Bowling Alley,Wrecked Ship,collect_items_and_exit,18,3,unresolved,,1,0,unstarted,0,0,0x968F,0x93FE,large/vertical geometry;static collision path unresolved,custom_integrations/SuperMetroid-Snes/room_c98e_from_968f.state,policies/room_clears/room_c98e_from_968f_to_93fe.json
215,33360,3,tough,room_d5a7_from_d617_to_d57a,0xD5A7,Aqueduct,Maridia,collect_items_and_exit,18,5,unresolved,,1,1,unstarted,0,0,0xD617,0xD57A,large/vertical geometry;static collision path unresolved,custom_integrations/SuperMetroid-Snes/room_d5a7_from_d617.state,policies/room_clears/room_d5a7_from_d617_to_d57a.json
216,33374,3,tough,room_b656_from_b510_to_ad5e,0xB656,The Musketeers' Room,Norfair,collect_items_and_exit,12,12,unresolved,,1,1,unstarted,0,0,0xB510,0xAD5E,large/vertical geometry;dense enemies;static collision path unresolved,custom_integrations/SuperMetroid-Snes/room_b656_from_b510.state,policies/room_clears/room_b656_from_b510_to_ad5e.json
217,33382,3,late_special,room_df45_from_df8d_to_91f8,0xDF45,Ceres Elevator,Ceres,traverse_to_exit,3,13,planned_static,51,1,1,unstarted,0,0,0xDF8D,0x91F8,scripted/late-game room,custom_integrations/SuperMetroid-Snes/room_df45_from_df8d.state,policies/room_clears/room_df45_from_df8d_to_91f8.json
218,33408,3,late_special,room_dae1_from_db31_to_daae,0xDAE1,Metroid Room 1,Tourian,traverse_to_exit,6,8,planned_static,62,1,0,unstarted,0,0,0xDB31,0xDAAE,scripted/late-game room,custom_integrations/SuperMetroid-Snes/room_dae1_from_db31.state,policies/room_clears/room_dae1_from_db31_to_daae.json
219,33422,3,tough,room_a322_from_a3ae_to_962a,0xA322,Caterpillar Room,Brinstar,traverse_to_exit,24,6,unresolved,,1,0,unstarted,0,0,0xA3AE,0x962A,large/vertical geometry;static collision path unresolved,custom_integrations/SuperMetroid-Snes/room_a322_from_a3ae.state,policies/room_clears/room_a322_from_a3ae_to_962a.json
220,33430,3,tough,room_9e52_from_9fba_to_9d19,0x9E52,Green Hill Zone,Brinstar,collect_items_and_exit,32,10,planned_static,160,1,1,unstarted,0,0,0x9FBA,0x9D19,large/vertical geometry,custom_integrations/SuperMetroid-Snes/room_9e52_from_9fba.state,policies/room_clears/room_9e52_from_9fba_to_9d19.json
221,33474,3,tough,room_b40a_from_b3a5_to_b4ad,0xB40A,Mickey Mouse Room,Norfair,collect_items_and_exit,16,12,unresolved,,0,0,unstarted,0,0,0xB3A5,0xB4AD,large/vertical geometry;dense enemies;static collision path unresolved,custom_integrations/SuperMetroid-Snes/room_b40a_from_b3a5.state,policies/room_clears/room_b40a_from_b3a5_to_b4ad.json
222,33486,3,late_special,room_db7d_from_dbcd_to_db31,0xDB7D,Metroid Room 3,Tourian,traverse_to_exit,6,12,planned_static,92,1,0,unstarted,0,0,0xDBCD,0xDB31,scripted/late-game room,custom_integrations/SuperMetroid-Snes/room_db7d_from_dbcd.state,policies/room_clears/room_db7d_from_dbcd_to_db31.json
223,33534,3,tough,room_9e9f_from_9e52_to_97b5,0x9E9F,Morph Ball Room,Brinstar,collect_items_and_exit,24,7,unresolved,,1,1,unstarted,0,0,0x9E52,0x97B5,large/vertical geometry;static collision path unresolved,custom_integrations/SuperMetroid-Snes/room_9e9f_from_9e52.state,policies/room_clears/room_9e9f_from_9e52_to_97b5.json
224,33536,3,tough,room_b5d5_from_b62b_to_b585,0xB5D5,Wasteland,Norfair,collect_items_and_exit,18,13,unresolved,,1,0,unstarted,0,0,0xB62B,0xB585,large/vertical geometry;dense enemies;static collision path unresolved,custom_integrations/SuperMetroid-Snes/room_b5d5_from_b62b.state,policies/room_clears/room_b5d5_from_b62b_to_b585.json
225,33545,3,tough,room_96ba_from_dede_to_92fd,0x96BA,The Climb,Crateria,traverse_to_exit,27,10,unresolved,,1,0,unstarted,0,0,0xDEDE,0x92FD,large/vertical geometry;static collision path unresolved,custom_integrations/SuperMetroid-Snes/room_96ba_from_dede.state,policies/room_clears/room_96ba_from_dede_to_92fd.json
226,33550,3,late_special,room_dcff_from_dd2e_to_dcb1,0xDCFF,Seaweed Room,Tourian,traverse_to_exit,2,0,unresolved,,1,0,unstarted,0,0,0xDD2E,0xDCB1,scripted/late-game room,custom_integrations/SuperMetroid-Snes/room_dcff_from_dd2e.state,policies/room_clears/room_dcff_from_dd2e_to_dcb1.json
227,33557,3,tough,room_91f8_from_95d4_to_92fd,0x91F8,Landing Site,Crateria,traverse_to_exit,45,3,planned_static,146,1,1,unstarted,0,0,0x95D4,0x92FD,large/vertical geometry,custom_integrations/SuperMetroid-Snes/room_91f8_from_95d4.state,policies/room_clears/room_91f8_from_95d4_to_92fd.json
228,33574,3,tough,room_d0b9_from_d017_to_cfc9,0xD0B9,Mt. Everest,Maridia,traverse_to_exit,24,12,unresolved,,1,1,unstarted,0,0,0xD017,0xCFC9,large/vertical geometry;dense enemies;static collision path unresolved,custom_integrations/SuperMetroid-Snes/room_d0b9_from_d017.state,policies/room_clears/room_d0b9_from_d017_to_cfc9.json
229,33574,3,late_special,room_dc19_from_dc65_to_dbcd,0xDC19,Tourian Hopper Room,Tourian,traverse_to_exit,2,2,unresolved,,1,0,unstarted,0,0,0xDC65,0xDBCD,scripted/late-game room,custom_integrations/SuperMetroid-Snes/room_dc19_from_dc65.state,policies/room_clears/room_dc19_from_dc65_to_dbcd.json
230,33598,3,late_special,room_a66a_from_a5ed_to_daae,0xA66A,Statues Room,Crateria,traverse_to_exit,2,4,unresolved,,1,1,unstarted,0,0,0xA5ED,0xDAAE,scripted/late-game room,custom_integrations/SuperMetroid-Snes/room_a66a_from_a5ed.state,policies/room_clears/room_a66a_from_a5ed_to_daae.json
231,33612,3,late_special,room_daae_from_df1b_to_a66a,0xDAAE,Tourian Elevator,Tourian,traverse_to_exit,4,1,unresolved,,1,1,unstarted,0,0,0xDF1B,0xA66A,scripted/late-game room,custom_integrations/SuperMetroid-Snes/room_daae_from_df1b.state,policies/room_clears/room_daae_from_df1b_to_a66a.json
232,33634,3,tough,room_94fd_from_9552_to_cbd5,0x94FD,East Ocean,Crateria,traverse_to_exit,42,13,planned_static,98,0,0,unstarted,0,0,0x9552,0xCBD5,large/vertical geometry;dense enemies,custom_integrations/SuperMetroid-Snes/room_94fd_from_9552.state,policies/room_clears/room_94fd_from_9552_to_cbd5.json
233,33658,3,tough,room_b236_from_af3f_to_b1e5,0xB236,Main Hall,Norfair,traverse_to_exit,24,19,unresolved,,0,0,unstarted,0,0,0xAF3F,0xB1E5,large/vertical geometry;dense enemies;static collision path unresolved,custom_integrations/SuperMetroid-Snes/room_b236_from_af3f.state,policies/room_clears/room_b236_from_af3f_to_b1e5.json
234,33674,3,tough,room_cfc9_from_d0b9_to_cefb,0xCFC9,Main Street,Maridia,collect_items_and_exit,24,12,unresolved,,1,0,unstarted,0,0,0xD0B9,0xCEFB,large/vertical geometry;dense enemies;static collision path unresolved,custom_integrations/SuperMetroid-Snes/room_cfc9_from_d0b9.state,policies/room_clears/room_cfc9_from_d0b9_to_cefb.json
235,33674,3,tough,room_a815_from_a8f8_to_a865,0xA815,Ice Beam Gate Room,Norfair,traverse_to_exit,28,12,unresolved,,1,1,unstarted,0,0,0xA8F8,0xA865,large/vertical geometry;dense enemies;static collision path unresolved,custom_integrations/SuperMetroid-Snes/room_a815_from_a8f8.state,policies/room_clears/room_a815_from_a8f8_to_a865.json
236,33675,3,late_special,room_b3e1_scripted,0xB3E1,Unused Lower Norfair Room,Norfair,enter_objective_and_return,1,0,unavailable,,0,0,unstarted,0,0,,,scripted/late-game room,custom_integrations/SuperMetroid-Snes/room_b3e1_entry.state,policies/room_clears/room_b3e1_scripted.json
237,33695,3,tough,room_92fd_from_96ba_to_91f8,0x92FD,Parlor and Alcatraz,Crateria,traverse_to_exit,25,20,unresolved,,1,0,unstarted,0,0,0x96BA,0x91F8,large/vertical geometry;dense enemies;static collision path unresolved,custom_integrations/SuperMetroid-Snes/room_92fd_from_96ba.state,policies/room_clears/room_92fd_from_96ba_to_91f8.json
238,33698,3,tough,room_99f9_from_96ba_to_96ba,0x99F9,Crateria Super Room,Crateria,collect_items_and_exit,32,4,unresolved,,0,0,unstarted,0,0,0x96BA,0x96BA,large/vertical geometry;static collision path unresolved,custom_integrations/SuperMetroid-Snes/room_99f9_from_96ba.state,policies/room_clears/room_99f9_from_96ba_to_96ba.json
239,33732,3,late_special,room_dcb1_from_dc65_to_dcff,0xDCB1,Big Boy Room,Tourian,traverse_to_exit,4,11,unresolved,,1,0,unstarted,0,0,0xDC65,0xDCFF,scripted/late-game room,custom_integrations/SuperMetroid-Snes/room_dcb1_from_dc65.state,policies/room_clears/room_dcb1_from_dc65_to_dcff.json
240,33780,3,late_special,room_aa0e_from_a923_to_a7de,0xAA0E,Crocomire Escape,Norfair,scripted_escape,8,12,planned_static,36,0,0,unstarted,0,0,0xA923,0xA7DE,scripted/late-game room,custom_integrations/SuperMetroid-Snes/room_aa0e_from_a923.state,policies/room_clears/room_aa0e_from_a923_to_a7de.json
241,33825,3,late_special,room_b55a_from_b510_to_b6ee,0xB55A,Lower Norfair Escape Power Bomb Room,Norfair,scripted_escape,1,0,unresolved,,0,0,unstarted,0,0,0xB510,0xB6EE,scripted/late-game room,custom_integrations/SuperMetroid-Snes/room_b55a_from_b510.state,policies/room_clears/room_b55a_from_b510_to_b6ee.json
242,33857,3,tough,room_a923_from_a98d_to_a8f8,0xA923,Crocomire Speedway,Norfair,traverse_to_exit,39,11,unresolved,,0,0,unstarted,0,0,0xA98D,0xA8F8,large/vertical geometry;static collision path unresolved,custom_integrations/SuperMetroid-Snes/room_a923_from_a98d.state,policies/room_clears/room_a923_from_a98d_to_a8f8.json
243,33874,3,late_special,room_de7a_from_de4d_to_dea7,0xDE7A,Tourian Escape Room 2,Tourian,scripted_escape,2,2,unresolved,,1,0,unstarted,0,0,0xDE4D,0xDEA7,scripted/late-game room,custom_integrations/SuperMetroid-Snes/room_de7a_from_de4d.state,policies/room_clears/room_de7a_from_de4d_to_dea7.json
244,33946,3,late_special,room_de4d_from_dd58_to_de7a,0xDE4D,Tourian Escape Room 1,Tourian,scripted_escape,2,8,unresolved,,1,0,unstarted,0,0,0xDD58,0xDE7A,scripted/late-game room,custom_integrations/SuperMetroid-Snes/room_de4d_from_dd58.state,policies/room_clears/room_de4d_from_dd58_to_de7a.json
245,33956,3,late_special,room_dea7_from_de7a_to_dede,0xDEA7,Tourian Escape Room 3,Tourian,scripted_escape,12,7,planned_static,172,1,0,unstarted,0,0,0xDE7A,0xDEDE,scripted/late-game room,custom_integrations/SuperMetroid-Snes/room_dea7_from_de7a.state,policies/room_clears/room_dea7_from_de7a_to_dede.json
246,34134,3,tough,room_93fe_from_ca52_to_95ff,0x93FE,West Ocean,Crateria,collect_items_and_exit,48,7,unresolved,,1,1,unstarted,0,0,0xCA52,0x95FF,large/vertical geometry;static collision path unresolved,custom_integrations/SuperMetroid-Snes/room_93fe_from_ca52.state,policies/room_clears/room_93fe_from_ca52_to_95ff.json
247,34182,3,tough,room_9ad9_from_a011_to_9938,0x9AD9,Green Brinstar Main Shaft,Brinstar,collect_items_and_exit,48,11,unresolved,,0,0,unstarted,0,0,0xA011,0x9938,large/vertical geometry;static collision path unresolved,custom_integrations/SuperMetroid-Snes/room_9ad9_from_a011.state,policies/room_clears/room_9ad9_from_a011_to_9938.json
248,34206,3,late_special,room_dede_from_dea7_to_96ba,0xDEDE,Tourian Escape Room 4,Tourian,scripted_escape,18,13,planned_static,216,1,1,unstarted,0,0,0xDEA7,0x96BA,scripted/late-game room,custom_integrations/SuperMetroid-Snes/room_dede_from_dea7.state,policies/room_clears/room_dede_from_dea7_to_96ba.json
249,34211,3,tough,room_9cb3_from_9d19_to_a07b,0x9CB3,Dachora Room,Brinstar,traverse_to_exit,49,13,unresolved,,0,0,unstarted,0,0,0x9D19,0xA07B,large/vertical geometry;dense enemies;static collision path unresolved,custom_integrations/SuperMetroid-Snes/room_9cb3_from_9d19.state,policies/room_clears/room_9cb3_from_9d19_to_a07b.json
250,34260,3,tough,room_9d19_from_a0d2_to_9d9c,0x9D19,Big Pink,Brinstar,collect_items_and_exit,50,10,unresolved,,1,1,unstarted,0,0,0xA0D2,0x9D9C,gated exit;large/vertical geometry;static collision path unresolved,custom_integrations/SuperMetroid-Snes/room_9d19_from_a0d2.state,policies/room_clears/room_9d19_from_a0d2_to_9d9c.json
251,34382,3,tough,room_caf6_from_cdf1_to_ca52,0xCAF6,Wrecked Ship Main Shaft,Wrecked Ship,collect_items_and_exit,48,21,unresolved,,1,0,unstarted,0,0,0xCDF1,0xCA52,large/vertical geometry;dense enemies;static collision path unresolved,custom_integrations/SuperMetroid-Snes/room_caf6_from_cdf1.state,policies/room_clears/room_caf6_from_cdf1_to_ca52.json
252,44533,4,boss_late,room_cd13_from_cc6f_to_cc6f,0xCD13,Phantoon's Room,Wrecked Ship,defeat_boss_and_exit,1,0,planned_static,8,1,1,unstarted,0,0,0xCC6F,0xCC6F,boss room,custom_integrations/SuperMetroid-Snes/room_cd13_from_cc6f.state,policies/room_clears/room_cd13_from_cc6f_to_cc6f.json
253,44546,4,boss_late,room_e0b5_from_e06b_to_e06b,0xE0B5,Ceres Ridley Room,Ceres,defeat_boss_and_exit,1,1,planned_static,9,1,0,unstarted,0,0,0xE06B,0xE06B,boss room,custom_integrations/SuperMetroid-Snes/room_e0b5_from_e06b.state,policies/room_clears/room_e0b5_from_e06b_to_e06b.json
254,44551,4,boss_late,room_9804_from_9879_to_9879,0x9804,Bomb Torizo Room,Crateria,defeat_boss_and_exit,1,1,planned_static,14,1,1,unstarted,0,0,0x9879,0x9879,boss room,custom_integrations/SuperMetroid-Snes/room_9804_from_9879.state,policies/room_clears/room_9804_from_9879_to_9879.json
255,44590,4,boss_late,room_b32e_from_b37a_to_b698,0xB32E,Ridley's Room,Norfair,defeat_boss_and_exit,2,1,planned_static,28,1,1,unstarted,0,0,0xB37A,0xB698,boss room,custom_integrations/SuperMetroid-Snes/room_b32e_from_b37a.state,policies/room_clears/room_b32e_from_b37a_to_b698.json
256,44630,4,boss_late,room_da60_from_d78f_to_d9aa,0xDA60,Draygon's Room,Maridia,defeat_boss_and_exit,4,0,planned_static,30,1,1,unstarted,0,0,0xD78F,0xD9AA,boss room,custom_integrations/SuperMetroid-Snes/room_da60_from_d78f.state,policies/room_clears/room_da60_from_d78f_to_d9aa.json
257,44724,4,boss_late,room_a59f_from_a6e2_to_a56b,0xA59F,Kraid's Room,Brinstar,defeat_boss_and_exit,4,8,planned_static,28,1,1,unstarted,0,0,0xA6E2,0xA56B,boss room,custom_integrations/SuperMetroid-Snes/room_a59f_from_a6e2.state,policies/room_clears/room_a59f_from_a6e2_to_a56b.json
258,44962,4,boss_late,room_d95e_from_d617_to_d7e4,0xD95E,Botwoon's Room,Maridia,defeat_boss_and_exit,2,1,unresolved,,1,1,unstarted,0,0,0xD617,0xD7E4,boss room,custom_integrations/SuperMetroid-Snes/room_d95e_from_d617.state,policies/room_clears/room_d95e_from_d617_to_d7e4.json
259,44987,4,boss_late,room_9dc7_from_9d9c_to_9b5b,0x9DC7,Spore Spawn Room,Brinstar,defeat_boss_and_exit,3,1,unresolved,,1,1,unstarted,0,0,0x9D9C,0x9B5B,boss room,custom_integrations/SuperMetroid-Snes/room_9dc7_from_9d9c.state,policies/room_clears/room_9dc7_from_9d9c_to_9b5b.json
260,45012,4,boss_late,room_b283_from_b6c1_to_b1e5,0xB283,Golden Torizo's Room,Norfair,defeat_boss_and_exit,4,1,unresolved,,0,0,unstarted,0,0,0xB6C1,0xB1E5,boss room,custom_integrations/SuperMetroid-Snes/room_b283_from_b6c1.state,policies/room_clears/room_b283_from_b6c1_to_b1e5.json
261,45072,4,boss_late,room_dd58_from_ddf3_to_de4d,0xDD58,Mother Brain's Room,Tourian,defeat_boss_and_exit,4,6,unresolved,,1,1,unstarted,0,0,0xDDF3,0xDE4D,boss room,custom_integrations/SuperMetroid-Snes/room_dd58_from_ddf3.state,policies/room_clears/room_dd58_from_ddf3_to_de4d.json
262,45124,4,boss_late,room_a98d_from_a923_to_aa82,0xA98D,Crocomire's Room,Norfair,defeat_boss_and_exit,8,2,unresolved,,0,0,unstarted,0,0,0xA923,0xAA82,boss room,custom_integrations/SuperMetroid-Snes/room_a98d_from_a923.state,policies/room_clears/room_a98d_from_a923_to_aa82.json
