ticket_id,epic,kind,title,depends_on,priority,status,estimate,own_files_hint,notes
SM-K4-CATH-01,K4,pure,Pure Business→Cathedral Entrance,,P0,done,M,routes/kpdr/k4_norfair.py,pure GREEN ~959f; first Bubble repath; living residual may archive
SM-K4-CATH-02,K4,pure,Pure Cathedral Entrance→Cathedral,SM-K4-CATH-01,P0,done,M,routes/kpdr/k4_norfair.py,pure GREEN ~909f; successor post_cathedral_entrance_to_cathedral_pure
SM-K4-CATH-03,K4,pure,Pure Cathedral→Rising Tide,SM-K4-CATH-02,P0,done,M,routes/kpdr/k4_norfair.py,pure GREEN ~1162f; successor post_cathedral_to_rising_tide_pure
SM-K4-CATH-04,K4,pure,Pure Rising Tide→Bubble Mountain,SM-K4-CATH-03,P0,done,M,routes/kpdr/k4_norfair.py,pure GREEN ~2609f ×2; first Bubble pure closeout; successor post_rising_tide_to_bubble_pure

SM-K4.1-PURE,K4,pure,Pure Frog Save→Speedway,,P3,parked,M,routes/kpdr/k4_norfair.py,source scratch/post_frog_continuous.state expect 0xB167; exit 0xB106; living card SM-K4-SPEEDWAY-PURE; residual may be GREEN; parked post-Speed shortcut; pure GREEN; not first Bubble (Cathedral repath 2026-08-02)
SM-K4-SPEEDWAY-SRC,K4,docs,Fingerprint-register Speedway pure successor,SM-K4.1-PURE,P0,done,S,docs/SOURCE_STATES.md,post_frog_save_to_speedway_pure.state expect 0xB106; Wave-11; Wave-11 closed; post-Speed path
SM-K4-STAB-ICE,K4,stabilize,Stabilize wave pure+continuous Ice stack,SM-K4-TIP-ICE,P0,open,L,routes/continuous.py catalog.py,planner-serial
SM-K4-STAB-SPEED,K4,stabilize,Stabilize wave pure+continuous Speed stack,SM-K4-TIP-SPEED,P0,open,L,routes/continuous.py catalog.py,planner-serial
SM-K4-STATUS-ICE,K4,status,STATUS promote Ice tip,SM-K4-STAB-ICE,P0,open,M,routes/continuous.py catalog.py,planner only
SM-K4-STATUS-SPEED,K4,status,STATUS promote Speed tip,SM-K4-STAB-SPEED,P0,open,M,routes/continuous.py catalog.py,planner only
SM-K4-TIP-ICE,K4,compose,Continuous tip --to ice,SM-K4.15-PURE,P0,open,L,routes/continuous.py catalog.py,Ice collect integrity
SM-K4-TIP-SPEED,K4,compose,Continuous tip --to speed,SM-K4.6-PURE,P0,open,L,routes/continuous.py catalog.py,Speed collect integrity
SM-K4-TIP-SPEEDWAY,K4,compose,Continuous tip --to speedway (or intermediate),SM-K4.3-PURE,P0,open,L,routes/continuous.py catalog.py,after Bubble path pure stack; optional intermediate; first Bubble is Cathedral
SM-K4-TIP-WAVE,K4,compose,Continuous tip --to wave,SM-K4.10-PURE,P0,open,L,routes/continuous.py catalog.py,Wave collect integrity
SM-K4.1-GRAPH,K4,graph,Graph edge Frog Save→Speedway controller_dev,SM-K4.1-PURE,P3,parked,S,progression.py,mark 0xB167->0xB106 after pure green; parked with Speedway post-Speed path
SM-K4.2-GRAPH,K4,graph,Graph edge Speedway→farm approach controller_dev,SM-K4.2-PURE,P3,parked,S,progression.py,mark 0xB106->0xAF72 after pure green
SM-K4.2-PURE,K4,pure,Pure Speedway→farm approach,SM-K4.1-PURE,P3,parked,M,routes/kpdr/k4_norfair.py,source scratch/post_speedway.state expect 0xB106; exit 0xAF72; RED without Speed; parked until post-Speed
SM-K4.3-GRAPH,K4,graph,Graph edge Approach→Bubble Mountain controller_dev,SM-K4.3-PURE,P0,open,S,progression.py,mark 0xAF72->0xACB3 after pure green
SM-K4.3-PURE,K4,pure,Pure Approach→Bubble Mountain,SM-K4.2-PURE,P0,open,M,routes/kpdr/k4_norfair.py,source scratch/post_farm.state expect 0xAF72; exit 0xACB3
SM-K4-SRC-01,K4,infra,Capture continuous-like source post_speedway,SM-K4-TIP-SPEEDWAY,P1,open,S,SOURCE_STATES.md scratch/,only after integrity-green tip that creates it
SM-K4-SRC-02,K4,infra,Capture continuous-like source post_bubble,SM-K4-SRC-01,P1,open,S,SOURCE_STATES.md scratch/,only after integrity-green tip that creates it
SM-K4-SRC-03,K4,infra,Capture continuous-like source post_speed,SM-K4-SRC-02,P1,open,S,SOURCE_STATES.md scratch/,only after integrity-green tip that creates it
SM-K4-SRC-04,K4,infra,Capture continuous-like source post_wave,SM-K4-SRC-03,P1,open,S,SOURCE_STATES.md scratch/,only after integrity-green tip that creates it
SM-K4-SRC-05,K4,infra,Capture continuous-like source post_ice,SM-K4-SRC-04,P1,open,S,SOURCE_STATES.md scratch/,only after integrity-green tip that creates it
SM-K4.10-GRAPH,K4,graph,Graph edge Wave Beam PLM collect controller_dev,SM-K4.10-PURE,P1,open,S,progression.py,mark 0xAD5E->0xADDE after pure green
SM-K4.10-PURE,K4,pure,Pure Wave Beam PLM collect,SM-K4.9-PURE,P1,open,M,routes/kpdr/k4_wave.py,source scratch/post_double.state expect 0xAD5E; exit 0xADDE
SM-K4.11-GRAPH,K4,graph,Graph edge Return Business for Ice controller_dev,SM-K4.11-PURE,P1,open,S,progression.py,mark 0xADDE->0xA7DE after pure green
SM-K4.11-PURE,K4,pure,Pure Return Business for Ice,SM-K4.10-PURE,P1,open,M,routes/kpdr/k4_ice.py,source scratch/post_wave.state expect 0xADDE; exit 0xA7DE
SM-K4.12-GRAPH,K4,graph,Graph edge Business→Ice Gate controller_dev,SM-K4.12-PURE,P1,open,S,progression.py,mark 0xA7DE->0xA815 after pure green
SM-K4.12-PURE,K4,pure,Pure Business→Ice Gate,SM-K4.11-PURE,P1,open,M,routes/kpdr/k4_ice.py,source scratch/post_biz.state expect 0xA7DE; exit 0xA815
SM-K4.13-GRAPH,K4,graph,Graph edge Ice Gate→Snake controller_dev,SM-K4.13-PURE,P1,open,S,progression.py,mark 0xA815->0xA865 after pure green
SM-K4.13-PURE,K4,pure,Pure Ice Gate→Snake,SM-K4.12-PURE,P1,open,M,routes/kpdr/k4_ice.py,source scratch/post_gate.state expect 0xA815; exit 0xA865
SM-K4.14-GRAPH,K4,graph,Graph edge Snake→Reflection controller_dev,SM-K4.14-PURE,P1,open,S,progression.py,mark 0xA865->0xA8B9 after pure green
SM-K4.14-PURE,K4,pure,Pure Snake→Reflection,SM-K4.13-PURE,P1,open,M,routes/kpdr/k4_ice.py,source scratch/post_snake.state expect 0xA865; exit 0xA8B9
SM-K4.15-GRAPH,K4,graph,Graph edge Ice Beam PLM collect controller_dev,SM-K4.15-PURE,P1,open,S,progression.py,mark 0xA8B9->0xA890 after pure green
SM-K4.15-PURE,K4,pure,Pure Ice Beam PLM collect,SM-K4.14-PURE,P1,open,M,routes/kpdr/k4_ice.py,source scratch/post_reflect.state expect 0xA8B9; exit 0xA890
SM-K4.4-GRAPH,K4,graph,Graph edge Bubble→Speed Hall controller_dev,SM-K4.4-PURE,P1,open,S,progression.py,mark 0xACB3->0xB07A after pure green
SM-K4.4-PURE,K4,pure,Pure Bubble→Bat Cave,SM-K4-CATH-04,P0,partial,M,routes/kpdr/k4_norfair.py,RED residual 2026-08-02; door open proven; climb gap y350-150 needs walljump R1; source post_rising_tide_to_bubble_pure
SM-K4.4-PURE-R1,K4,pure,Bubble mid walljump climb y350→150,SM-K4.4-PURE,P0,ready,M,routes/kpdr/k4_norfair.py,★ serial next; one phase; stay in 0xACB3; avoid left doors + Single Chamber


SM-K4.5-GRAPH,K4,graph,Graph edge Speed Hall→Speed Room door controller_dev,SM-K4.5-PURE,P1,open,S,progression.py,mark 0xB07A->0xACF0 after pure green
SM-K4.5-PURE,K4,pure,Pure Speed Hall→Speed Room door,SM-K4.4-PURE,P1,open,M,routes/kpdr/k4_norfair.py,source scratch/post_hall.state expect 0xB07A; exit 0xACF0
SM-K4.6-GRAPH,K4,graph,Graph edge Speed Booster PLM collect controller_dev,SM-K4.6-PURE,P1,open,S,progression.py,mark 0xACF0->0xAD1B after pure green
SM-K4.6-PURE,K4,pure,Pure Speed Booster PLM collect,SM-K4.5-PURE,P1,open,M,routes/kpdr/k4_norfair.py,source scratch/post_speed_door.state expect 0xACF0; exit 0xAD1B
SM-K4.7-GRAPH,K4,graph,Graph edge Speed return→Bubble controller_dev,SM-K4.7-PURE,P1,open,S,progression.py,mark 0xAD1B->0xACB3 after pure green
SM-K4.7-PURE,K4,pure,Pure Speed return→Bubble,SM-K4.6-PURE,P1,open,M,routes/kpdr/k4_norfair.py,source scratch/post_speed.state expect 0xAD1B; exit 0xACB3
SM-K4.8-GRAPH,K4,graph,Graph edge Bubble→Single Chamber controller_dev,SM-K4.8-PURE,P1,open,S,progression.py,mark 0xACB3->0xADAD after pure green
SM-K4.8-PURE,K4,pure,Pure Bubble→Single Chamber,SM-K4.7-PURE,P1,open,M,routes/kpdr/k4_wave.py,source scratch/post_bubble2.state expect 0xACB3; exit 0xADAD
SM-K4.9-GRAPH,K4,graph,Graph edge Single→Double Chamber controller_dev,SM-K4.9-PURE,P1,open,S,progression.py,mark 0xADAD->0xAD5E after pure green
SM-K4.9-PURE,K4,pure,Pure Single→Double Chamber,SM-K4.8-PURE,P1,open,M,routes/kpdr/k4_wave.py,source scratch/post_single.state expect 0xADAD; exit 0xAD5E
SM-K5-STAB,K5,stabilize,Stabilize Alpha PB continuous,SM-K5-TIP-ALPHAPB,P1,open,M,,planner-serial
SM-K5-STATUS,K5,status,STATUS promote Alpha PB,SM-K5-STAB,P1,open,S,STATUS.md,
SM-K5-TIP-ALPHAPB,K5,compose,Continuous tip --to alpha_pb,SM-K5.1-PURE,P1,open,L,continuous.py catalog.py,first PB capacity
SM-K5.0-GRAPH,K5,graph,Graph Elev/Red Tower climb post-Ice,SM-K5.0-PURE,P1,open,S,progression.py,
SM-K5.0-PURE,K5,pure,Pure Elev/Red Tower climb post-Ice,,P1,open,M,routes/kpdr/k5_alpha.py,Elev/Red Tower climb post-Ice
SM-K5.1-GRAPH,K5,graph,Graph Alpha PB PLM collect,SM-K5.1-PURE,P1,open,S,progression.py,
SM-K5.1-PURE,K5,pure,Pure Alpha PB PLM collect,SM-K5.0-PURE,P1,open,M,routes/kpdr/k5_alpha.py,Alpha PB PLM collect
SM-K5.2-GRAPH,K5,graph,Graph Alpha→Crateria elev path,SM-K5.2-PURE,P1,open,S,progression.py,
SM-K5.2-PURE,K5,pure,Pure Alpha→Crateria elev path,SM-K5.1-PURE,P1,open,M,routes/kpdr/k5_alpha.py,Alpha→Crateria elev path
SM-K6-STAB,K6,stabilize,Stabilize Phantoon+Gravity continuous,SM-K6-TIP-GRAV,P1,open,S,combat/ routes/kpdr/,
SM-K6-STATUS,K6,status,STATUS promote Phantoon/Gravity,SM-K6-STAB,P1,open,S,combat/ routes/kpdr/,
SM-K6-TIP-GRAV,K6,compose,Continuous tip --to gravity,SM-K6.7-PURE,P1,open,M,combat/ routes/kpdr/,
SM-K6-TIP-PHAN,K6,compose,Continuous tip --to phantoon,SM-K6.5-PURE,P1,open,M,combat/ routes/kpdr/,
SM-K6.0-GRAPH,K6,graph,Graph Moat clear Speed+HJ,SM-K6.0-PURE,P1,open,S,progression.py,
SM-K6.0-PURE,K6,pure,Pure Moat clear Speed+HJ,,P1,open,M,routes/kpdr/k6_ship.py,Moat clear Speed+HJ
SM-K6.1-GRAPH,K6,graph,Graph Moat→West Ocean,SM-K6.1-PURE,P1,open,S,progression.py,
SM-K6.1-PURE,K6,pure,Pure Moat→West Ocean,SM-K6.0-PURE,P1,open,M,routes/kpdr/k6_ship.py,Moat→West Ocean
SM-K6.2-GRAPH,K6,graph,Graph West Ocean→WS Entrance,SM-K6.2-PURE,P1,open,S,progression.py,
SM-K6.2-PURE,K6,pure,Pure West Ocean→WS Entrance,SM-K6.1-PURE,P1,open,M,routes/kpdr/k6_ship.py,West Ocean→WS Entrance
SM-K6.3-GRAPH,K6,graph,Graph WS shaft→Basement Super door,SM-K6.3-PURE,P1,open,S,progression.py,
SM-K6.3-PURE,K6,pure,Pure WS shaft→Basement Super door,SM-K6.2-PURE,P1,open,M,routes/kpdr/k6_ship.py,WS shaft→Basement Super door
SM-K6.4-GRAPH,K6,graph,Graph Phantoon natural entry settle,SM-K6.4-PURE,P1,open,S,progression.py,
SM-K6.4-PURE,K6,pure,Pure Phantoon natural entry settle,SM-K6.3-PURE,P1,open,M,routes/kpdr/k6_ship.py,Phantoon natural entry settle
SM-K6.5-PURE,K6,pure,Pure Phantoon fight from natural entry,SM-PHAN-CLOSEOUT,P1,open,M,combat/ routes/kpdr/,
SM-K6.6-GRAPH,K6,graph,Graph post-Phantoon reverse,SM-K6.6-PURE,P1,open,S,combat/ routes/kpdr/,
SM-K6.6-PURE,K6,pure,Pure post-Phantoon WS reverse,SM-K6.5-PURE,P1,open,M,combat/ routes/kpdr/,
SM-K6.7-GRAPH,K6,graph,Graph Gravity collect,SM-K6.7-PURE,P1,open,S,combat/ routes/kpdr/,
SM-K6.7-PURE,K6,pure,Pure Gravity Suit collect,SM-K6.6-PURE,P1,open,M,combat/ routes/kpdr/,
SM-PHAN-CATALOG,K6,boss,Phantoon BossCatalogEntry complete,SM-K6.4-PURE,P1,open,M,combat/ routes/kpdr/,
SM-PHAN-CLOSEOUT,K6,boss,Phantoon defeat flag + exit door,SM-PHAN-PHASE-FLAME,P1,open,M,combat/ routes/kpdr/,
SM-PHAN-ENTRY-CAPTURE,K6,boss,Capture natural Phantoon entry state,SM-K6.4-PURE,P1,open,M,combat/ routes/kpdr/,
SM-PHAN-PHASE-CLOAK,K6,boss,Fight phase: cloak cycles / vulnerable windows,SM-PHAN-ENTRY-CAPTURE,P1,open,M,combat/ routes/kpdr/,
SM-PHAN-PHASE-FLAME,K6,boss,Fight phase: flame/eye patterns,SM-PHAN-PHASE-CLOAK,P1,open,M,combat/ routes/kpdr/,
SM-PHAN-UNIT,K6,boss,Unit test harness for Phantoon strategy,SM-PHAN-CATALOG,P1,open,M,combat/ routes/kpdr/,
SM-ICE-RET-01,K4,pure,Ice return: Ice→Reflection reverse,,P2,open,M,routes/kpdr/,room-level depth
SM-ICE-RET-02,K4,pure,Ice return: Reflection→Snake reverse,,P2,open,M,routes/kpdr/,room-level depth
SM-ICE-RET-03,K4,pure,Ice return: Snake→Gate reverse,,P2,open,M,routes/kpdr/,room-level depth
SM-ICE-RET-04,K4,pure,Ice return: Gate→Business reverse,,P2,open,M,routes/kpdr/,room-level depth
SM-STAB-K4-A,K4,stabilize,Stabilize after Speedway pure green,,P2,open,M,routes/kpdr/,room-level depth
SM-STAB-K4-B,K4,stabilize,Stabilize after Bubble pure green,,P2,open,M,routes/kpdr/,room-level depth
SM-STAB-K4-C,K4,stabilize,Stabilize after Wave pure green,,P2,open,M,routes/kpdr/,room-level depth
SM-STAB-K5-A,K5,stabilize,Stabilize after Alpha path pure,,P2,open,M,routes/kpdr/,room-level depth
SM-SHIP-01,K6,pure,Crateria Kihunter room pure,,P2,open,M,routes/kpdr/,room-level depth
SM-SHIP-02,K6,pure,Gauntlet/pre-Moat approach pure,,P2,open,M,routes/kpdr/,room-level depth
SM-SHIP-03,K6,pure,WS attic reverse pure,,P2,open,M,routes/kpdr/,room-level depth
SM-SHIP-04,K6,pure,WS map/missile side pure (optional),,P2,open,M,routes/kpdr/,room-level depth
SM-STAB-K6-A,K6,stabilize,Stabilize after Moat pure,,P2,open,M,routes/kpdr/,room-level depth
SM-STAB-K6-B,K6,stabilize,Stabilize after WS entry pure,,P2,open,M,routes/kpdr/,room-level depth
SM-BOTW-CATALOG,K7,boss,Botwoon BossCatalogEntry,SM-K7.3-PURE,P2,open,M,combat/ routes/kpdr/,
SM-BOTW-CLOSEOUT,K7,boss,Botwoon defeat + exit,SM-BOTW-FIGHT,P2,open,M,combat/ routes/kpdr/,
SM-BOTW-ENTRY-CAPTURE,K7,boss,Capture Botwoon natural entry,SM-K7.3-PURE,P2,open,M,combat/ routes/kpdr/,
SM-BOTW-FIGHT,K7,boss,Botwoon spit/phase strategy,SM-BOTW-ENTRY-CAPTURE,P2,open,M,combat/ routes/kpdr/,
SM-DRAY-CATALOG,K7,boss,Draygon BossCatalogEntry,SM-K7.5-PURE,P2,open,M,combat/ routes/kpdr/,
SM-DRAY-CLOSEOUT,K7,boss,Draygon defeat + exit,SM-DRAY-PHASE-BODY,P2,open,M,combat/ routes/kpdr/,
SM-DRAY-ENTRY-CAPTURE,K7,boss,Capture Draygon natural entry,SM-K7.5-PURE,P2,open,M,combat/ routes/kpdr/,
SM-DRAY-PHASE-BODY,K7,boss,Draygon phase: body damage windows,SM-DRAY-PHASE-GRAPPLE,P2,open,M,combat/ routes/kpdr/,
SM-DRAY-PHASE-GRAPPLE,K7,boss,Draygon phase: grapple/turret clear,SM-DRAY-ENTRY-CAPTURE,P2,open,M,combat/ routes/kpdr/,
SM-K7-STAB,K7,stabilize,Stabilize Maridia continuous stack,SM-K7-TIP-SJ,P2,open,M,combat/ routes/kpdr/,
SM-K7-STATUS,K7,status,STATUS promote Space Jump tip,SM-K7-STAB,P2,open,M,combat/ routes/kpdr/,
SM-K7-TIP-BOTW,K7,compose,Continuous tip --to botwoon,SM-K7.4-PURE,P2,open,M,combat/ routes/kpdr/,
SM-K7-TIP-DRAY,K7,compose,Continuous tip --to draygon,SM-K7.7-PURE,P2,open,M,combat/ routes/kpdr/,
SM-K7-TIP-SJ,K7,compose,Continuous tip --to space_jump,SM-K7.8-PURE,P2,open,M,combat/ routes/kpdr/,
SM-K7.0-GRAPH,K7,graph,Graph Maridia glass tube PB break,SM-K7.0-PURE,P2,open,S,progression.py,
SM-K7.0-PURE,K7,pure,Pure Maridia glass tube PB break,,P2,open,M,routes/kpdr/k7_maridia.py,Maridia glass tube PB break
SM-K7.1-GRAPH,K7,graph,Graph Main Street / Everest path,SM-K7.1-PURE,P2,open,S,progression.py,
SM-K7.1-PURE,K7,pure,Pure Main Street / Everest path,SM-K7.0-PURE,P2,open,M,routes/kpdr/k7_maridia.py,Main Street / Everest path
SM-K7.2-GRAPH,K7,graph,Graph Aqueduct / crab path to Botwoon hall,SM-K7.2-PURE,P2,open,S,progression.py,
SM-K7.2-PURE,K7,pure,Pure Aqueduct / crab path to Botwoon hall,SM-K7.1-PURE,P2,open,M,routes/kpdr/k7_maridia.py,Aqueduct / crab path to Botwoon hall
SM-K7.3-GRAPH,K7,graph,Graph Botwoon natural entry,SM-K7.3-PURE,P2,open,S,progression.py,
SM-K7.3-PURE,K7,pure,Pure Botwoon natural entry,SM-K7.2-PURE,P2,open,M,routes/kpdr/k7_maridia.py,Botwoon natural entry
SM-K7.4-PURE,K7,pure,Pure Botwoon fight,SM-BOTW-CLOSEOUT,P2,open,M,combat/ routes/kpdr/,
SM-K7.5-GRAPH,K7,graph,Graph Halfie path,SM-K7.5-PURE,P2,open,M,combat/ routes/kpdr/,
SM-K7.5-PURE,K7,pure,Pure Halfie/Colosseum to Draygon door,SM-K7.4-PURE,P2,open,M,combat/ routes/kpdr/,
SM-K7.6-PURE,K7,pure,Pure Draygon entry hop,SM-DRAY-ENTRY-CAPTURE,P2,open,M,combat/ routes/kpdr/,
SM-K7.7-PURE,K7,pure,Pure Draygon fight,SM-DRAY-CLOSEOUT,P2,open,M,combat/ routes/kpdr/,
SM-K7.8-GRAPH,K7,graph,Graph Space Jump,SM-K7.8-PURE,P2,open,M,combat/ routes/kpdr/,
SM-K7.8-PURE,K7,pure,Pure Space Jump collect,SM-K7.7-PURE,P2,open,M,combat/ routes/kpdr/,
SM-K8-STAB,K8,stabilize,Stabilize LN+Ridley continuous,SM-K8-TIP-RIDLEY,P2,open,L,combat/ routes/kpdr/,
SM-K8-STATUS,K8,status,STATUS promote Ridley,SM-K8-STAB,P2,open,L,combat/ routes/kpdr/,
SM-K8-TIP-RIDLEY,K8,compose,Continuous tip --to ridley,SM-K8.4-PURE,P2,open,L,combat/ routes/kpdr/,
SM-K8.0-GRAPH,K8,graph,Graph Return Bubble for LN approach,SM-K8.0-PURE,P2,open,S,progression.py,
SM-K8.0-PURE,K8,pure,Pure Return Bubble for LN approach,,P2,open,L,routes/kpdr/k8_ln.py,Return Bubble for LN approach
SM-K8.1-GRAPH,K8,graph,Graph LN elevator / entry path,SM-K8.1-PURE,P2,open,S,progression.py,
SM-K8.1-PURE,K8,pure,Pure LN elevator / entry path,SM-K8.0-PURE,P2,open,L,routes/kpdr/k8_ln.py,LN elevator / entry path
SM-K8.2-GRAPH,K8,graph,Graph LN amphitheater / acid farm path,SM-K8.2-PURE,P2,open,S,progression.py,
SM-K8.2-PURE,K8,pure,Pure LN amphitheater / acid farm path,SM-K8.1-PURE,P2,open,L,routes/kpdr/k8_ln.py,LN amphitheater / acid farm path
SM-K8.3-GRAPH,K8,graph,Graph Ridley natural entry,SM-K8.3-PURE,P2,open,S,progression.py,
SM-K8.3-PURE,K8,pure,Pure Ridley natural entry,SM-K8.2-PURE,P2,open,L,routes/kpdr/k8_ln.py,Ridley natural entry
SM-K8.4-PURE,K8,pure,Pure Ridley fight,SM-RIDLEY-CLOSEOUT,P2,open,L,combat/ routes/kpdr/,
SM-RIDLEY-CATALOG,K8,boss,Ridley BossCatalogEntry,SM-K8.3-PURE,P2,open,L,combat/ routes/kpdr/,
SM-RIDLEY-CLOSEOUT,K8,boss,Ridley defeat + exit,SM-RIDLEY-PHASE-FLOOR,P2,open,L,combat/ routes/kpdr/,
SM-RIDLEY-ENTRY-CAPTURE,K8,boss,Capture Ridley natural entry,SM-K8.3-PURE,P2,open,L,combat/ routes/kpdr/,
SM-RIDLEY-PHASE-AIR,K8,boss,Ridley air / fireball phase,SM-RIDLEY-ENTRY-CAPTURE,P2,open,L,combat/ routes/kpdr/,
SM-RIDLEY-PHASE-FLOOR,K8,boss,Ridley floor / pogo phase,SM-RIDLEY-PHASE-AIR,P2,open,L,combat/ routes/kpdr/,
SM-K9-STAB,K9,stabilize,Stabilize Tourian+escape continuous,SM-K9-TIP-CREDITS,P2,open,L,combat/ routes/kpdr/ continuous.py,M8 gate
SM-K9-STATUS-M8,K9,status,STATUS M8 promote full clear + credits,SM-K9-STAB,P2,open,L,combat/ routes/kpdr/ continuous.py,M8 gate
SM-K9-TIP-CREDITS,K9,compose,Continuous tip --to credits / ending,SM-K9.6-PURE,P2,open,L,combat/ routes/kpdr/ continuous.py,M8 gate
SM-K9-TIP-ESCAPE,K9,compose,Continuous tip --to escape,SM-K9.5-PURE,P2,open,L,combat/ routes/kpdr/ continuous.py,M8 gate
SM-K9-TIP-MB,K9,compose,Continuous tip --to mother_brain,SM-K9.4-PURE,P2,open,L,combat/ routes/kpdr/ continuous.py,M8 gate
SM-K9-VIDEO,K9,infra,Record full-run video + dual integrity reverify,SM-K9-STATUS-M8,P2,open,L,combat/ routes/kpdr/ continuous.py,M8 gate
SM-K9.0-GRAPH,K9,graph,Graph G4 statues activate,SM-K9.0-PURE,P2,open,S,progression.py,
SM-K9.0-PURE,K9,pure,Pure G4 statues activate,,P2,open,M,routes/kpdr/k9_tourian.py,G4 statues activate
SM-K9.1-GRAPH,K9,graph,Graph Tourian elevator entry,SM-K9.1-PURE,P2,open,S,progression.py,
SM-K9.1-PURE,K9,pure,Pure Tourian elevator entry,SM-K9.0-PURE,P2,open,M,routes/kpdr/k9_tourian.py,Tourian elevator entry
SM-K9.2-GRAPH,K9,graph,Graph Metroid rooms 1–4 clear,SM-K9.2-PURE,P2,open,S,progression.py,
SM-K9.2-PURE,K9,pure,Pure Metroid rooms 1–4 clear,SM-K9.1-PURE,P2,open,M,routes/kpdr/k9_tourian.py,Metroid rooms 1–4 clear
SM-K9.3-GRAPH,K9,graph,Graph Mother Brain natural entry,SM-K9.3-PURE,P2,open,S,progression.py,
SM-K9.3-PURE,K9,pure,Pure Mother Brain natural entry,SM-K9.2-PURE,P2,open,M,routes/kpdr/k9_tourian.py,Mother Brain natural entry
SM-K9.4-PURE,K9,pure,Pure MB full fight,SM-MB-CLOSEOUT,P2,open,L,combat/ routes/kpdr/ continuous.py,M8 gate
SM-K9.5-GRAPH,K9,graph,Graph escape path,SM-K9.5-PURE,P2,open,L,combat/ routes/kpdr/ continuous.py,M8 gate
SM-K9.5-PURE,K9,pure,Pure escape rooms 1–4,SM-K9.4-PURE,P2,open,L,combat/ routes/kpdr/ continuous.py,M8 gate
SM-K9.6-GRAPH,K9,graph,Graph ship finish,SM-K9.6-PURE,P2,open,L,combat/ routes/kpdr/ continuous.py,M8 gate
SM-K9.6-PURE,K9,pure,Pure Landing Site ship finish,SM-K9.5-PURE,P2,open,L,combat/ routes/kpdr/ continuous.py,M8 gate
SM-MB-CATALOG,K9,boss,Mother Brain BossCatalogEntry multi-phase,SM-K9.3-PURE,P2,open,L,combat/ routes/kpdr/ continuous.py,M8 gate
SM-MB-CLOSEOUT,K9,boss,MB defeat + escape trigger,SM-MB-PHASE3,P2,open,L,combat/ routes/kpdr/ continuous.py,M8 gate
SM-MB-ENTRY-CAPTURE,K9,boss,Capture MB natural entry,SM-K9.3-PURE,P2,open,L,combat/ routes/kpdr/ continuous.py,M8 gate
SM-MB-PHASE1,K9,boss,MB phase 1 (corpse/body),SM-MB-ENTRY-CAPTURE,P2,open,L,combat/ routes/kpdr/ continuous.py,M8 gate
SM-MB-PHASE2,K9,boss,MB phase 2 (rainbow beam / glass),SM-MB-PHASE1,P2,open,L,combat/ routes/kpdr/ continuous.py,M8 gate
SM-MB-PHASE3,K9,boss,MB phase 3 (active brain),SM-MB-PHASE2,P2,open,L,combat/ routes/kpdr/ continuous.py,M8 gate
SM-CATALOG-alpha_pb,COMPOSE,compose,Register ContinuousTip + splits for alpha_pb,,P2,open,S,routes/catalog.py continuous.py,after pure green stack for tip
SM-CATALOG-botwoon,COMPOSE,compose,Register ContinuousTip + splits for botwoon,,P2,open,S,routes/catalog.py continuous.py,after pure green stack for tip
SM-CATALOG-bubble,COMPOSE,compose,Register ContinuousTip + splits for bubble,,P2,open,S,routes/catalog.py continuous.py,after pure green stack for tip
SM-CATALOG-credits,COMPOSE,compose,Register ContinuousTip + splits for credits,,P2,open,S,routes/catalog.py continuous.py,after pure green stack for tip
SM-CATALOG-draygon,COMPOSE,compose,Register ContinuousTip + splits for draygon,,P2,open,S,routes/catalog.py continuous.py,after pure green stack for tip
SM-CATALOG-escape,COMPOSE,compose,Register ContinuousTip + splits for escape,,P2,open,S,routes/catalog.py continuous.py,after pure green stack for tip
SM-CATALOG-gravity,COMPOSE,compose,Register ContinuousTip + splits for gravity,,P2,open,S,routes/catalog.py continuous.py,after pure green stack for tip
SM-CATALOG-ice,COMPOSE,compose,Register ContinuousTip + splits for ice,,P2,open,S,routes/catalog.py continuous.py,after pure green stack for tip
SM-CATALOG-ln_entry,COMPOSE,compose,Register ContinuousTip + splits for ln_entry,,P2,open,S,routes/catalog.py continuous.py,after pure green stack for tip
SM-CATALOG-mb,COMPOSE,compose,Register ContinuousTip + splits for mb,,P2,open,S,routes/catalog.py continuous.py,after pure green stack for tip
SM-CATALOG-moat,COMPOSE,compose,Register ContinuousTip + splits for moat,,P2,open,S,routes/catalog.py continuous.py,after pure green stack for tip
SM-CATALOG-phantoon,COMPOSE,compose,Register ContinuousTip + splits for phantoon,,P2,open,S,routes/catalog.py continuous.py,after pure green stack for tip
SM-CATALOG-ridley,COMPOSE,compose,Register ContinuousTip + splits for ridley,,P2,open,S,routes/catalog.py continuous.py,after pure green stack for tip
SM-CATALOG-space_jump,COMPOSE,compose,Register ContinuousTip + splits for space_jump,,P2,open,S,routes/catalog.py continuous.py,after pure green stack for tip
SM-CATALOG-speed,COMPOSE,compose,Register ContinuousTip + splits for speed,,P2,open,S,routes/catalog.py continuous.py,after pure green stack for tip
SM-CATALOG-speedway,COMPOSE,compose,Register ContinuousTip + splits for speedway,,P2,open,S,routes/catalog.py continuous.py,after pure green stack for tip
SM-CATALOG-statues,COMPOSE,compose,Register ContinuousTip + splits for statues,,P2,open,S,routes/catalog.py continuous.py,after pure green stack for tip
SM-CATALOG-tourian,COMPOSE,compose,Register ContinuousTip + splits for tourian,,P2,open,S,routes/catalog.py continuous.py,after pure green stack for tip
SM-CATALOG-tube,COMPOSE,compose,Register ContinuousTip + splits for tube,,P2,open,S,routes/catalog.py continuous.py,after pure green stack for tip
SM-CATALOG-wave,COMPOSE,compose,Register ContinuousTip + splits for wave,,P2,open,S,routes/catalog.py continuous.py,after pure green stack for tip
SM-CATALOG-ws,COMPOSE,compose,Register ContinuousTip + splits for ws,,P2,open,S,routes/catalog.py continuous.py,after pure green stack for tip
SM-MAR-01,K7,pure,Fish Tank pure,,P3,open,M,routes/kpdr/,room-level depth
SM-MAR-02,K7,pure,Crab Shaft pure,,P3,open,M,routes/kpdr/,room-level depth
SM-MAR-03,K7,pure,Mt Everest pure,,P3,open,M,routes/kpdr/,room-level depth
SM-MAR-04,K7,pure,Crab Hole pure,,P3,open,M,routes/kpdr/,room-level depth
SM-MAR-05,K7,pure,Aqueduct climb pure,,P3,open,M,routes/kpdr/,room-level depth
SM-MAR-06,K7,pure,Botwoon Hallway pure,,P3,open,M,routes/kpdr/,room-level depth
SM-MAR-07,K7,pure,Halfie Climb bottom pure,,P3,open,M,routes/kpdr/,room-level depth
SM-MAR-08,K7,pure,Colosseum pure,,P3,open,M,routes/kpdr/,room-level depth
SM-MAR-09,K7,pure,Precious Room pure,,P3,open,M,routes/kpdr/,room-level depth
SM-MAR-10,K7,pure,Draygon Energy Farm pure,,P3,open,M,routes/kpdr/,room-level depth
SM-STAB-K7-A,K7,stabilize,Stabilize after tube pure,,P3,open,M,routes/kpdr/,room-level depth
SM-STAB-K7-B,K7,stabilize,Stabilize after Botwoon pure,,P3,open,M,routes/kpdr/,room-level depth
SM-LN-01,K8,pure,Cathedral / Bubble reverse pure,,P3,open,M,routes/kpdr/,room-level depth
SM-LN-02,K8,pure,Single Chamber LN door pure,,P3,open,M,routes/kpdr/,room-level depth
SM-LN-03,K8,pure,Three Musketeers pure,,P3,open,M,routes/kpdr/,room-level depth
SM-LN-04,K8,pure,Wasteland pure,,P3,open,M,routes/kpdr/,room-level depth
SM-LN-05,K8,pure,Metal Pirates pure,,P3,open,M,routes/kpdr/,room-level depth
SM-LN-06,K8,pure,Plowerhouse pure,,P3,open,M,routes/kpdr/,room-level depth
SM-LN-07,K8,pure,Ridley tank farm pure,,P3,open,M,routes/kpdr/,room-level depth
SM-STAB-K8-A,K8,stabilize,Stabilize after LN entry pure,,P3,open,M,routes/kpdr/,room-level depth
SM-ESC-01,K9,pure,Escape Room 1 pure,,P3,open,M,routes/kpdr/,room-level depth
SM-ESC-02,K9,pure,Escape Room 2 pure,,P3,open,M,routes/kpdr/,room-level depth
SM-ESC-03,K9,pure,Escape Room 3 pure,,P3,open,M,routes/kpdr/,room-level depth
SM-ESC-04,K9,pure,Escape Room 4 pure,,P3,open,M,routes/kpdr/,room-level depth
SM-ESC-05,K9,pure,Escape Climb pure,,P3,open,M,routes/kpdr/,room-level depth
SM-ESC-06,K9,pure,Escape Parlor pure,,P3,open,M,routes/kpdr/,room-level depth
SM-STAB-K9-A,K9,stabilize,Stabilize after metroids pure,,P3,open,M,routes/kpdr/,room-level depth
SM-TOU-01,K9,pure,Metroid Room 1 pure,,P3,open,M,routes/kpdr/,room-level depth
SM-TOU-02,K9,pure,Metroid Room 2 pure,,P3,open,M,routes/kpdr/,room-level depth
SM-TOU-03,K9,pure,Metroid Room 3 pure,,P3,open,M,routes/kpdr/,room-level depth
SM-TOU-04,K9,pure,Metroid Room 4 pure,,P3,open,M,routes/kpdr/,room-level depth
SM-TOU-05,K9,pure,Blue Hopper Room pure,,P3,open,M,routes/kpdr/,room-level depth
SM-TOU-06,K9,pure,Dust Torizo Room pure,,P3,open,M,routes/kpdr/,room-level depth
SM-TOU-07,K9,pure,Big Boy Room pure,,P3,open,M,routes/kpdr/,room-level depth
SM-TOU-08,K9,pure,Seaweed Room pure,,P3,open,M,routes/kpdr/,room-level depth
SM-TOU-09,K9,pure,Tourian Eye Door pure,,P3,open,M,routes/kpdr/,room-level depth
SM-BOSS-EVIDENCE-SCHEMA,BOSS-INFRA,boss,BossEvidence continuous hop compatibility,,P3,open,M,combat/,shared before late bosses
SM-BOSS-NATURAL-ENTRY-CLI,BOSS-INFRA,boss,Standardize capture-natural CLI for all bosses,,P3,ready,M,combat/,Wave-11 living card; shared before late bosses
SM-BOSS-PRIM-LANE,BOSS-INFRA,boss,Combat primitive: lane-hold windows,,P3,ready,M,combat/primitives.py,Wave-11 living card; shared before late bosses
SM-BOSS-PRIM-PHASE,BOSS-INFRA,boss,Combat primitive: multi-phase SM helpers,,P3,open,M,combat/,shared before late bosses
SM-BOSS-PRIM-SPRAY,BOSS-INFRA,boss,Combat primitive: periodic spray patterns,,P3,open,M,combat/,shared before late bosses
SM-BOSS-UNIT-MATRIX,BOSS-INFRA,boss,Boss unit matrix: scaffold all remaining bosses,,P3,open,M,combat/,shared before late bosses
SM-PATH-ROOM-W01,PRACTICE,practice,Completion-path room clear wave 1 (~8 of 62 open),,P3,ready,L,policies/room_clears/ rooms/,PATH_ROOM_BOARD; Wave-11 atoms W01a-d living
SM-PATH-ROOM-W01a,PRACTICE,practice,Path-room Frog Speedway room_b106_from_af72_to_b167,,P3,ready,M,policies/room_clears/room_b106_from_af72_to_b167.json,dual-track; Wave-11
SM-PATH-ROOM-W01b,PRACTICE,practice,Path-room Bubble Mountain room_acb3_from_b07a_to_aedf,,P3,ready,M,policies/room_clears/room_acb3_from_b07a_to_aedf.json,dual-track; Wave-11
SM-PATH-ROOM-W01c,PRACTICE,practice,Path-room Speed Booster Hall room_acf0_from_ad1b_to_b07a,,P3,ready,M,policies/room_clears/room_acf0_from_ad1b_to_b07a.json,dual-track; Wave-11
SM-PATH-ROOM-W01d,PRACTICE,practice,Path-room Single Chamber room_ad5e_from_b656_to_ae07,,P3,ready,M,policies/room_clears/room_ad5e_from_b656_to_ae07.json,dual-track; Wave-11
SM-PATH-ROOM-W02,PRACTICE,practice,Completion-path room clear wave 2 (~8 of 62 open),SM-PATH-ROOM-W01,P3,open,L,policies/room_clears/ rooms/,PATH_ROOM_BOARD open rooms; dual-track
SM-PATH-ROOM-W03,PRACTICE,practice,Completion-path room clear wave 3 (~8 of 62 open),SM-PATH-ROOM-W02,P3,open,L,policies/room_clears/ rooms/,PATH_ROOM_BOARD open rooms; dual-track
SM-PATH-ROOM-W04,PRACTICE,practice,Completion-path room clear wave 4 (~8 of 62 open),SM-PATH-ROOM-W03,P3,open,L,policies/room_clears/ rooms/,PATH_ROOM_BOARD open rooms; dual-track
SM-PATH-ROOM-W05,PRACTICE,practice,Completion-path room clear wave 5 (~8 of 62 open),SM-PATH-ROOM-W04,P3,open,L,policies/room_clears/ rooms/,PATH_ROOM_BOARD open rooms; dual-track
SM-PATH-ROOM-W06,PRACTICE,practice,Completion-path room clear wave 6 (~8 of 62 open),SM-PATH-ROOM-W05,P3,open,L,policies/room_clears/ rooms/,PATH_ROOM_BOARD open rooms; dual-track
SM-PATH-ROOM-W07,PRACTICE,practice,Completion-path room clear wave 7 (~8 of 62 open),SM-PATH-ROOM-W06,P3,open,L,policies/room_clears/ rooms/,PATH_ROOM_BOARD open rooms; dual-track
SM-PATH-ROOM-W08,PRACTICE,practice,Completion-path room clear wave 8 (~8 of 62 open),SM-PATH-ROOM-W07,P3,open,L,policies/room_clears/ rooms/,PATH_ROOM_BOARD open rooms; dual-track
SM-PRAC-EASY-W01,PRACTICE,practice,Easy/standard practice wave 1 (8 rooms),,P3,open,M,policies/room_clears/,farm_room_waves dual-track
SM-PRAC-EASY-W02,PRACTICE,practice,Easy/standard practice wave 2 (8 rooms),SM-PRAC-EASY-W01,P3,open,M,policies/room_clears/,farm_room_waves dual-track
SM-PRAC-EASY-W03,PRACTICE,practice,Easy/standard practice wave 3 (8 rooms),SM-PRAC-EASY-W02,P3,open,M,policies/room_clears/,farm_room_waves dual-track
SM-PRAC-EASY-W04,PRACTICE,practice,Easy/standard practice wave 4 (8 rooms),SM-PRAC-EASY-W03,P3,open,M,policies/room_clears/,farm_room_waves dual-track
SM-PRAC-EASY-W05,PRACTICE,practice,Easy/standard practice wave 5 (8 rooms),SM-PRAC-EASY-W04,P3,open,M,policies/room_clears/,farm_room_waves dual-track
SM-PRAC-EASY-W06,PRACTICE,practice,Easy/standard practice wave 6 (8 rooms),SM-PRAC-EASY-W05,P3,open,M,policies/room_clears/,farm_room_waves dual-track
SM-PRAC-RETRY-SEG-02,PRACTICE,practice,Retry residual SEG-02: Post Croc PB,,P3,open,M,policies/room_clears/,Wave-10 honest RED/PARTIAL
SM-PRAC-RETRY-SEG-08,PRACTICE,practice,Retry residual SEG-08: Gravity lineage fixture,,P3,open,M,policies/room_clears/,Wave-10 honest RED/PARTIAL
SM-PRAC-RETRY-SEG-10,PRACTICE,practice,Retry residual SEG-10: WS West Super,,P3,open,M,policies/room_clears/,Wave-10 honest RED/PARTIAL
SM-PRAC-RETRY-SEG-15,PRACTICE,practice,Retry residual SEG-15: Spiky Acid Snakes,,P3,open,M,policies/room_clears/,Wave-10 honest RED/PARTIAL
SM-PRAC-RETRY-SEG-20,PRACTICE,practice,Retry residual SEG-20: Crab Tunnel Gravity,,P3,open,M,policies/room_clears/,Wave-10 honest RED/PARTIAL
SM-PRAC-RETRY-SEG-21,PRACTICE,practice,Retry residual SEG-21: Spring Ball fixture,,P3,open,M,policies/room_clears/,Wave-10 honest RED/PARTIAL
SM-ARCH-CHECKPOINT-PROV,ARCH,arch,Checkpoint provenance parent tip/cmd,,P3,open,M,routes/ continuous.py progression.py,planner-serial; no tip claim
SM-ARCH-DISPATCH-SRC,ARCH,arch,Dispatch auto-suggest --source from card,,P3,open,M,routes/ continuous.py progression.py,planner-serial; no tip claim
SM-ARCH-GRAPH-API,ARCH,arch,Typed path-summary model,,P3,open,M,routes/ continuous.py progression.py,planner-serial; no tip claim
SM-ARCH-HOPS-MODULE,ARCH,arch,routes/kpdr/hops.py hop tables,,P3,ready,M,routes/kpdr/hops.py routes/continuous.py,Wave-11; import rewire only; no tip claim
SM-ARCH-PARSE-SCOPE,ARCH,arch,Session-scoped parse counters finish,,P3,open,M,routes/ continuous.py progression.py,planner-serial; no tip claim
SM-ARCH-PROFILE,ARCH,arch,Profile WRAM-copy rate on --to frog,,P3,open,M,routes/ continuous.py progression.py,planner-serial; no tip claim
SM-ARCH-RED-DIAG,ARCH,arch,Pure RED video clip + PLM/door snapshot,,P3,ready,M,scripts/probe/,Wave-11 living card; no tip claim
SM-ARCH-TIP-SPEC,ARCH,arch,Finish hop-table extract from continuous.py,,P3,open,M,routes/ continuous.py progression.py,planner-serial; no tip claim
SM-DOCS-KPDR-EXPORT,DOCS,docs,Regenerate KPDR_TRACKER.md + maps json,,P3,open,S,docs/,Flash-friendly
SM-DOCS-MILESTONES-SYNC,DOCS,docs,Sync MILESTONES.csv after tip promotions,,P3,open,S,docs/,Flash-friendly
SM-DOCS-PATH-BOARD,DOCS,docs,Regenerate PATH_ROOM_BOARD after hop status changes,,P3,open,S,docs/,Flash-friendly
SM-DOCS-ROLLUP,DOCS,docs,Flash rollup STATUS/tracker proposal after each tip,,P3,open,S,docs/,Flash-friendly
SM-DOCS-SOURCE-SYNC,DOCS,docs,SOURCE_STATES.md sync after each checkpoint,,P3,open,S,docs/,Flash-friendly
SM-PROC-CARD-VALIDATE,DOCS,docs,Pre-dispatch card schema validation,,P3,open,S,docs/,Flash-friendly
SM-PROC-RESIDUAL-SCHEMA,DOCS,docs,Enforce residual metrics pin fields in dispatch,,P3,open,S,docs/,Flash-friendly
SM-PRAC-LATE-W01,PRACTICE,practice,Late/special practice wave 1,SM-PRAC-TOUGH-W10,P4,open,L,policies/room_clears/,
SM-PRAC-LATE-W02,PRACTICE,practice,Late/special practice wave 2,SM-PRAC-LATE-W01,P4,open,L,policies/room_clears/,
SM-PRAC-LATE-W03,PRACTICE,practice,Late/special practice wave 3,SM-PRAC-LATE-W02,P4,open,L,policies/room_clears/,
SM-PRAC-LATE-W04,PRACTICE,practice,Late/special practice wave 4,SM-PRAC-LATE-W03,P4,open,L,policies/room_clears/,
SM-PRAC-TOUGH-W01,PRACTICE,practice,Tough practice wave 1 (8–12 rooms),SM-PRAC-EASY-W06,P4,open,L,policies/room_clears/,after easy/standard
SM-PRAC-TOUGH-W02,PRACTICE,practice,Tough practice wave 2 (8–12 rooms),SM-PRAC-TOUGH-W01,P4,open,L,policies/room_clears/,after easy/standard
SM-PRAC-TOUGH-W03,PRACTICE,practice,Tough practice wave 3 (8–12 rooms),SM-PRAC-TOUGH-W02,P4,open,L,policies/room_clears/,after easy/standard
SM-PRAC-TOUGH-W04,PRACTICE,practice,Tough practice wave 4 (8–12 rooms),SM-PRAC-TOUGH-W03,P4,open,L,policies/room_clears/,after easy/standard
SM-PRAC-TOUGH-W05,PRACTICE,practice,Tough practice wave 5 (8–12 rooms),SM-PRAC-TOUGH-W04,P4,open,L,policies/room_clears/,after easy/standard
SM-PRAC-TOUGH-W06,PRACTICE,practice,Tough practice wave 6 (8–12 rooms),SM-PRAC-TOUGH-W05,P4,open,L,policies/room_clears/,after easy/standard
SM-PRAC-TOUGH-W07,PRACTICE,practice,Tough practice wave 7 (8–12 rooms),SM-PRAC-TOUGH-W06,P4,open,L,policies/room_clears/,after easy/standard
SM-PRAC-TOUGH-W08,PRACTICE,practice,Tough practice wave 8 (8–12 rooms),SM-PRAC-TOUGH-W07,P4,open,L,policies/room_clears/,after easy/standard
SM-PRAC-TOUGH-W09,PRACTICE,practice,Tough practice wave 9 (8–12 rooms),SM-PRAC-TOUGH-W08,P4,open,L,policies/room_clears/,after easy/standard
SM-PRAC-TOUGH-W10,PRACTICE,practice,Tough practice wave 10 (8–12 rooms),SM-PRAC-TOUGH-W09,P4,open,L,policies/room_clears/,after easy/standard
SM-ARCH-LINT-PARSE,ARCH,arch,Lint forbid bare full parse_env_state in kpdr,,P4,open,M,routes/ continuous.py progression.py,planner-serial; no tip claim
SM-ARCH-PRIMITIVE-PROMOTE,ARCH,arch,Promote settled climb/door primitives batch,,P4,open,M,routes/ continuous.py progression.py,planner-serial; no tip claim
SM-DONE-K0,DONE,status,Continuous power-on → Supers (K0),,P0,done,L,routes/continuous.py,integrity green; see STATUS
SM-DONE-K1,DONE,status,Continuous → Red Tower (K1),,P0,done,L,routes/continuous.py,integrity green; see STATUS
SM-DONE-K2,DONE,status,Continuous → Kraid entry (K2),,P0,done,L,routes/continuous.py,integrity green; see STATUS
SM-DONE-K3,DONE,status,Continuous → Varia + Business return (K3),,P0,done,L,routes/continuous.py,integrity green; see STATUS
SM-DONE-K4.0,DONE,status,Continuous → Frog Save (K4.0),,P0,done,L,routes/continuous.py,integrity green; see STATUS
SM-OPT-CHARGE-RETURN,OPTIONAL,pure,Charge Beam conventional return (optional),,P4,parked,L,,not on minimal KPDR spine
SM-OPT-CROC,OPTIONAL,pure,Crocomire optional,,P4,parked,L,,not on minimal KPDR spine
SM-OPT-GRAPPLE,OPTIONAL,docs,Grapple/Croc skip confirmation,,P4,parked,L,,not on minimal KPDR spine
SM-OPT-GT,OPTIONAL,pure,Golden Torizo optional,,P4,parked,L,,not on minimal KPDR spine
SM-OPT-PINK-PB,OPTIONAL,pure,Pink PB maze (parked; not KPDR),,P4,parked,L,,not on minimal KPDR spine
SM-OPT-PLASMA,OPTIONAL,pure,Plasma Beam optional post-Draygon,,P4,parked,L,,not on minimal KPDR spine
SM-OPT-SPAZER,OPTIONAL,pure,Spazer collect (superseded by SM-SPAZER-*),,P4,parked,L,,superseded 2026-08-03 by SPAZER_EARLY ladder; keep row for history
SM-SPAZER-SCAFFOLD,SPAZER,pure,Spazer detour module + ROOM_SPAZER scaffold,,P2,ready,S,routes/kpdr/spazer.py routes/kpdr/rooms.py,living card; epic SPAZER_EARLY; walljump path later
SM-SPAZER-SRC,SPAZER,source,Continuous-like Below Spazer source for pure,,P2,ready,S,docs/SOURCE_STATES.md scratch/,pre-collect 0xA408; natural Bat entry
SM-SPAZER-PURE,SPAZER,pure,Pure Below Spazer→Spazer collect→return (walljump),SM-SPAZER-SRC;SM-SPAZER-SCAFFOLD,P2,open,M,routes/kpdr/spazer.py,0xA447 natural PLM; residual R1 if WJ gap
SM-SPAZER-GRAPH,SPAZER,graph,Progression edges Spazer detour,SM-SPAZER-PURE,P2,open,M,progression.py,optional until FOLD; do not break warehouse min path
SM-SPAZER-COMPOSE,SPAZER,compose,Continuous tip --to spazer,SM-SPAZER-PURE;SM-SPAZER-GRAPH,P2,open,M,routes/catalog.py routes/continuous.py,secondary tip; not primary K4 tip
SM-SPAZER-STAB,SPAZER,stabilize,Dual continuous integrity Spazer tip,SM-SPAZER-COMPOSE,P2,open,M,recordings/,×2 integrity; Spazer beam set
SM-SPAZER-STATUS,SPAZER,status,STATUS secondary + K2.2 tracker Spazer,SM-SPAZER-STAB,P2,open,S,docs/STATUS.md KPDR_TRACKER,never silent primary tip swap
SM-SPAZER-POLICY,SPAZER,pure,Prefer Spazer in later combat when held,SM-SPAZER-PURE,P2,open,M,combat/ routes/kpdr/,branch on collected_beams; no force equip
SM-SPAZER-FOLD,SPAZER,compose,Fold Spazer into default continuous spine,SM-SPAZER-STAB,P2,open,L,routes/continuous.py ROUTE_KPDR STATUS,planner-serial; re-record affected tips
SM-100-TRACK,SPAZER,docs,100% item/map/boss board scaffold,,P3,ready,S,docs/routes/TRACK_100.md,gates 100% planning; Spazer first insert
SM-CLEAN-CONTRACT,CLEAN,docs,Document Clean track dual-path rules,,P2,done,S,docs/CLEAN_TRACK.md docs/ASSIST_CONTRACT.md,living card SM-CLEAN-CONTRACT; primary path stays assisted
SM-CLEAN-ARTIFACTS,CLEAN,infra,Isolate clean report/video stems (_clean),SM-CLEAN-CONTRACT,P2,done,M,routes/continuous.py scripts/record/continuous.py,never overwrite assisted start_to_*.json; landed 2026-08-01
SM-CLEAN-CLI,CLEAN,infra,--clean alias + uniform energy/ammo flags,SM-CLEAN-ARTIFACTS,P2,done,M,scripts/record/continuous.py routes/continuous.py,defaults remain assist ON; landed 2026-08-01
SM-CLEAN-INTEGRITY,CLEAN,infra,Clean zero resource-write integrity asserts,SM-CLEAN-ARTIFACTS,P2,done,M,routes/runtime.py,require_clean_resources; assisted path unchanged; landed 2026-08-01
SM-CLEAN-MORPH,CLEAN,compose,Continuous morph Clean baseline,SM-CLEAN-CLI;SM-CLEAN-INTEGRITY,P2,done,M,routes/continuous.py,GREEN 27074f start_to_morph_clean 2026-08-02
SM-CLEAN-BOMBS,CLEAN,compose,Continuous bombs/Torizo Clean tip ★,SM-CLEAN-MORPH,P2,ready,L,routes/continuous.py combat/bomb_torizo.py,★ ready; missiles clean green; BT=existing model; residual logged
SM-CLEAN-BT-ECONOMY,CLEAN,pure,BT ammo economy one-knob if clean RED,SM-CLEAN-BOMBS,P3,open,M,combat/bomb_torizo.py,only if SM-CLEAN-BOMBS RED; re-verify assisted bombs
SM-CLEAN-STAB,CLEAN,stabilize,Dual re-verify Clean bombs tip,SM-CLEAN-BOMBS,P2,open,M,recordings/,×2 integrity green clean
SM-CLEAN-STATUS,CLEAN,status,STATUS secondary Clean bombs section,SM-CLEAN-STAB,P2,open,S,docs/STATUS.md MILESTONES,never re-label primary Frog tip
SM-CLEAN-SPORE,CLEAN,compose,Clean spore tip (parked),SM-CLEAN-STATUS,P4,parked,L,routes/continuous.py,after Clean BT green only
SM-CLEAN-SUPERS,CLEAN,compose,Clean supers tip (parked),SM-CLEAN-SPORE,P4,parked,L,routes/continuous.py,parked privilege reduction ladder
