frame,kind,room_id,area,game_state,items,beams,energy,pose,x,y
8319,room_enter,57157,6,31,0,0,99,0,128,72
8538,control,57157,6,8,0,0,99,0,128,0
8832,room_enter,57229,6,11,0,0,99,17,238,651
9114,room_enter,57303,6,11,0,0,99,9,492,139
9458,room_enter,57377,6,11,0,0,99,9,236,395
9723,room_enter,57451,6,11,0,0,99,17,492,139
9979,room_enter,57525,6,11,0,0,99,9,492,139
11821,room_enter,57451,6,11,0,0,24,18,20,139
12079,room_enter,57377,6,11,0,0,24,18,20,139
12342,room_enter,57303,6,11,0,0,24,18,20,139
12671,room_enter,57229,6,11,0,0,24,18,20,139
12952,room_enter,57157,6,11,0,0,24,25,26,120
15198,room_enter,37368,0,6,0,0,99,0,1152,128
